-- --------------------------------------------------------
-- 主机:                           127.0.0.1
-- 服务器版本:                        8.0.30 - MySQL Community Server - GPL
-- 服务器操作系统:                      Win64
-- HeidiSQL 版本:                  12.1.0.6537
-- --------------------------------------------------------

/*!40101 SET @OLD_CHARACTER_SET_CLIENT=@@CHARACTER_SET_CLIENT */;
/*!40101 SET NAMES utf8 */;
/*!50503 SET NAMES utf8mb4 */;
/*!40103 SET @OLD_TIME_ZONE=@@TIME_ZONE */;
/*!40103 SET TIME_ZONE='+00:00' */;
/*!40014 SET @OLD_FOREIGN_KEY_CHECKS=@@FOREIGN_KEY_CHECKS, FOREIGN_KEY_CHECKS=0 */;
/*!40101 SET @OLD_SQL_MODE=@@SQL_MODE, SQL_MODE='NO_AUTO_VALUE_ON_ZERO' */;
/*!40111 SET @OLD_SQL_NOTES=@@SQL_NOTES, SQL_NOTES=0 */;


-- 导出 flaskblog 的数据库结构
CREATE DATABASE IF NOT EXISTS `flaskblog` /*!40100 DEFAULT CHARACTER SET utf8mb4 COLLATE utf8mb4_0900_ai_ci */ /*!80016 DEFAULT ENCRYPTION='N' */;
USE `flaskblog`;

-- 导出  表 flaskblog.alembic_version 结构
CREATE TABLE IF NOT EXISTS `alembic_version` (
  `version_num` varchar(32) NOT NULL,
  PRIMARY KEY (`version_num`)
) ENGINE=InnoDB DEFAULT CHARSET=utf8mb4 COLLATE=utf8mb4_0900_ai_ci;

-- 正在导出表  flaskblog.alembic_version 的数据：~1 rows (大约)
INSERT INTO `alembic_version` (`version_num`) VALUES
	('af8cad1f396a');

-- 导出  表 flaskblog.category 结构
CREATE TABLE IF NOT EXISTS `category` (
  `id` int NOT NULL AUTO_INCREMENT,
  `name` varchar(128) NOT NULL,
  `icon` varchar(128) DEFAULT NULL,
  `add_date` datetime NOT NULL,
  `pub_date` datetime NOT NULL,
  PRIMARY KEY (`id`)
) ENGINE=InnoDB AUTO_INCREMENT=10 DEFAULT CHARSET=utf8mb4 COLLATE=utf8mb4_0900_ai_ci;

-- 正在导出表  flaskblog.category 的数据：~7 rows (大约)
INSERT INTO `category` (`id`, `name`, `icon`, `add_date`, `pub_date`) VALUES
	(1, '程序开发', '', '2022-10-09 10:21:37', '2022-10-17 16:11:05'),
	(2, '项目与产品', '', '2022-10-09 10:21:54', '2022-10-17 16:12:24'),
	(3, '创业邦', '', '2022-10-09 10:23:23', '2022-10-17 16:14:15'),
	(4, '读书与思考', '', '2022-10-09 10:23:39', '2022-10-17 16:15:48'),
	(7, '随笔与写作', '', '2022-10-11 16:57:02', '2022-10-17 16:18:37'),
	(8, '摸鱼儿', '', '2022-10-11 16:57:11', '2022-10-17 16:45:50'),
	(9, '涨姿势', '', '2022-10-17 16:16:35', '2022-10-17 16:17:23');

-- 导出  表 flaskblog.post 结构
CREATE TABLE IF NOT EXISTS `post` (
  `add_date` datetime NOT NULL,
  `pub_date` datetime NOT NULL,
  `id` int NOT NULL AUTO_INCREMENT,
  `title` varchar(128) NOT NULL,
  `desc` varchar(200) DEFAULT NULL,
  `content` longtext NOT NULL,
  `category_id` int NOT NULL,
  `has_type` enum('draft','show') NOT NULL DEFAULT 'show',
  PRIMARY KEY (`id`),
  KEY `category_id` (`category_id`),
  CONSTRAINT `post_ibfk_1` FOREIGN KEY (`category_id`) REFERENCES `category` (`id`)
) ENGINE=InnoDB AUTO_INCREMENT=39 DEFAULT CHARSET=utf8mb4 COLLATE=utf8mb4_0900_ai_ci;

-- 正在导出表  flaskblog.post 的数据：~35 rows (大约)
INSERT INTO `post` (`add_date`, `pub_date`, `id`, `title`, `desc`, `content`, `category_id`, `has_type`) VALUES
	('2022-10-09 16:20:00', '2022-10-13 19:45:36', 1, 'Flask调试环境的设置与使用', '如何正确设置Flask调试环境，使用Flask shell进行测试', '<p><br></p><p>Flask 应用可以在调试模式中运行。在这个模式下，开发服务器默认会加载两个便利的工具：<strong>重载器</strong> 和 <strong>调试器</strong>。</p><p>启用重载器后，Flask 会监视项目中的所有源码文件，发现变动时自动 重启服务器。</p><p>调试器是一个基于 Web 的工具，当应用抛出未处理的异常时，它会出现在浏览器中。此时，Web 浏览器变成一个交互式栈跟踪，你可以在里 面审查源码，在调用栈的任何位置计算表达式。</p><p><br></p><p>windows系统cmd中启动调试模式：</p><pre class="ql-syntax" spellcheck="false">(venv) PS > set FLASK_APP = "RealProject"  \r\n(venv) PS > set FLASK_DEBUG = 1\r\n</pre><p>windows系统powershell中启动调试模式：</p><pre class="ql-syntax" spellcheck="false">(venv) > $env:FLASK_APP = "RealProject"  # 读取APP位置\r\n(venv) > $env:FLASK_DEBUG = 1       # 设置开发模式为调试\r\n</pre><p>vscode编辑器中启动调试模式方式同powershell。</p><p>进入调试环境中，可以使用Flask Shell，如下：</p><pre class="ql-syntax" spellcheck="false">(venv) PS > flask shell\r\n</pre><p><br></p><p>进入Flask Shell 后，可以在无需修改代码的情况下进行测试，举例如下：</p>', 1, 'show'),
	('2022-10-09 16:32:52', '2022-10-18 16:22:39', 2, '搞懂什么是Node.js原来这么简单', '主要介绍了Node.js的概念和基本原理，快速了解什么是Node.js', '<p>Node.js 的官方介绍 在 Node.js 的官方网站的首页中，有这样一句话来描述 Node.js： Node.js® is a JavaScript runtime built on Chrome\'s V8 JavaScript engine. Node.js uses an event-driven, non-blocking I/O model that makes it lightweight and efficient. 翻译过来的意思就是： Node.js 是基于 Chrome 的 V8 JavaScript 引擎的 JavaScript 运行时。Node.js 采用事件驱动、非堵塞 I/O 模型，使其轻量化和高效。 上面这句话的第一句说明了什么是 Node.js，第二句说明了 Node.js 的特点。 想要搞懂官方这句话的具体含义，我们还要从 JavaScript 语言说起。 Node.js 的核心开发语言 这里假设你已经掌握了 JavaScript 语言的基础语法以及基本使用。如果还没有掌握 JavaScript 的话，还是先去入门一下 JavaScript 语言吧。 掌握了 JavaScript 语言的应该知道，JavaScript 语言是作为浏览器的脚本语言，可以实现网页与用户之间的交互。 什么是交互？比如用户在网页中输入用户名或密码，这种用户输入行为就可以叫做交互。或者用户点击网页中的按钮等等，都可以叫做交互。 JavaScript 语言之所以可以实现网页与用户之间的交互，主要是依靠事件来完成的。比如，用户的输入事件、点击按钮事件等等。 下面我们通过用户点击按钮的行为为例，来看看 JavaScript 语言是如何处理的。 通过上面的分析图，我们可以清晰的看到： 用户点击网页的按钮，执行 JavaScript 逻辑。 JavaScript 逻辑经历三个阶段，分别是捕获事件、触发事件和事件冒泡。 当 JavaScript 逻辑执行完毕后，会将结果返回网页。 网页再根据结果显示给用户。 通过这样的一个小案例，我们可以知道 JavaScript 语言处理网页与用户之间的交互，主要是依靠事件驱动。 网页与 Node.js 中 JavaScript 的区别 目前几乎所有的浏览器都支持 JavaScript 语言，之所以支持的原因在于浏览器中都集成了 JavaScript 引擎。 在众多浏览器中，Chrome 浏览器的性能相对更好，而且 Chrome 浏览器集成的 V8 JavaScript 引擎还是开源的。 而 Node.js 就是利用了 Chrome 浏览器的开源 V8 JavaScript 引擎。那在网页中使用 JavaScript 语言和在 Node.js 中使用 JavaScript 语言有什么不同呢？我们可以通过下面这张图来了解一下。 Node.js 的官方介绍 在 Node.js 的官方网站的首页中，有这样一句话来描述 Node.js： Node.js® is a JavaScript runtime built on Chrome\'s V8 JavaScript engine. Node.js uses an event-driven, non-blocking I/O model that makes it lightweight and efficient. 翻译过来的意思就是： Node.js 是基于 Chrome 的 V8 JavaScript 引擎的 JavaScript 运行时。Node.js 采用事件驱动、非堵塞 I/O 模型，使其轻量化和高效。 上面这句话的第一句说明了什么是 Node.js，第二句说明了 Node.js 的特点。 想要搞懂官方这句话的具体含义，我们还要从 JavaScript 语言说起。 Node.js 的核心开发语言 这里假设你已经掌握了 JavaScript 语言的基础语法以及基本使用。如果还没有掌握 JavaScript 的话，还是先去入门一下 JavaScript 语言吧。 掌握了 JavaScript 语言的应该知道，JavaScript 语言是作为浏览器的脚本语言，可以实现网页与用户之间的交互。 什么是交互？比如用户在网页中输入用户名或密码，这种用户输入行为就可以叫做交互。或者用户点击网页中的按钮等等，都可以叫做交互。 JavaScript 语言之所以可以实现网页与用户之间的交互，主要是依靠事件来完成的。比如，用户的输入事件、点击按钮事件等等。 下面我们通过用户点击按钮的行为为例，来看看 JavaScript 语言是如何处理的。 通过上面的分析图，我们可以清晰的看到： 用户点击网页的按钮，执行 JavaScript 逻辑。 JavaScript 逻辑经历三个阶段，分别是捕获事件、触发事件和事件冒泡。 当 JavaScript 逻辑执行完毕后，会将结果返回网页。 网页再根据结果显示给用户。 通过这样的一个小案例，我们可以知道 JavaScript 语言处理网页与用户之间的交互，主要是依靠事件驱动。 网页与 Node.js 中 JavaScript 的区别 目前几乎所有的浏览器都支持 JavaScript 语言，之所以支持的原因在于浏览器中都集成了 JavaScript 引擎。 在众多浏览器中，Chrome 浏览器的性能相对更好，而且 Chrome 浏览器集成的 V8 JavaScript 引擎还是开源的。 而 Node.js 就是利用了 Chrome 浏览器的开源 V8 JavaScript 引擎。那在网页中使用 JavaScript 语言和在 Node.js 中使用 JavaScript 语言有什么不同呢？我们可以通过下面这张图来了解一下。 原文链接：https://www.jb51.net/article/210601.htm</p>', 1, 'show'),
	('2022-10-09 17:43:38', '2022-10-18 16:22:39', 3, 'MySQL数据库文件格式', 'MySQL数据库文件有哪些格式', '<p><br></p>\n<p>MySQL数据库中.frm和.myi和.myd和.ibd文件是什么文件?</p>\n<p><br></p>\n<p>存储引擎是myisam, 在data目录下会看到3类文件：.frm、.myi、.myd</p>\n<p>（1）.frm–表定义，是描述表结构的文件。</p>\n<p>（2）.MYD–"D"数据信息文件，是表的数据文件。</p>\n<p>（3）*.MYI–"I"索引信息文件，是表数据文件中任何索引的数据树</p>\n<p><br></p>\n<p>存储引擎是InnoDB, 在data目录下会看到2类文件：.frm、.ibd</p>\n<p>（1）.frm–表结构的文件。</p>\n<p>（2）.ibd–表数据和索引的文件。该表的索引(B+树)的每个非叶子节点存储索引，叶子节点存储索引和索引对应的数据。</p>', 1, 'show'),
	('2022-10-09 17:47:39', '2022-10-12 14:51:53', 4, '第一个Python游戏：奥特曼打小怪兽', '照葫芦画瓢写的第一个Python小游戏', '<p><br></p><blockquote>2022-9-22 周四 晴 游戏果然是动力之源，照着《Python100天》的教程，把`奥特曼打小怪兽`小游戏的代码敲了一遍，成功运行。代码基本都读懂了，虽然现在还无法自己写，但并不影响对写Python小游戏的热情。代码运行后，满屏文字不停滚动，类似早期的网页游戏的战斗，如《武林英雄》。 这才发现，《武林英雄》这样的网页游戏，其核心代码用Python实现，竟然不到200行！Python果然还是一如既往的简洁和强大，更加坚定了一定要精通Python的信念。</blockquote><p><br></p><p> 游戏源码如下：</p><pre class="ql-syntax" spellcheck="false">from abc import ABCMeta, abstractmethod\r\nfrom random import randint, randrange\r\n\r\n\r\nclass Fighter(object, metaclass=ABCMeta):\r\n\r\n    # 通过__slots__魔法限定对象可以绑定的成员变量\r\n    __slots__ = (\'_name\', \'_hp\')\r\n\r\n    def __init__(self, name, hp):\r\n        """初始化方法\r\n        :param name: 名字\r\n        :param hp: 生命值\r\n        """\r\n        self._name = name\r\n        self._hp = hp\r\n\r\n    @property\r\n    def name(self):\r\n        return self._name\r\n\r\n    @property\r\n    def hp(self):\r\n        return self._hp\r\n\r\n    @hp.setter\r\n    def hp(self, hp):\r\n        self._hp = hp if hp >= 0 else 0\r\n\r\n    @property\r\n    def alive(self):\r\n        return self._hp > 0\r\n\r\n    @abstractmethod\r\n    def attack(self, other):\r\n        """攻击\r\n        :param other: 被攻击的对象\r\n        """\r\n        pass\r\n\r\n\r\nclass Ultraman(Fighter):\r\n    """奥特曼"""\r\n\r\n    __slots__ = (\'_name\', \'_hp\', \'_mp\')\r\n\r\n    def __init__(self, name, hp, mp):\r\n        """初始化方法\r\n        :param name: 名字\r\n        :param hp: 生命值\r\n        :param mp: 魔法值\r\n        """\r\n        super().__init__(name, hp)\r\n        self._mp = mp\r\n\r\n    def attack(self, other):\r\n        other.hp -= randint(15, 25)\r\n\r\n    def huge_attack(self, other):\r\n        """究极必杀技(打掉对方至少50点或四分之三的血)\r\n        :param other: 被攻击的对象\r\n        :return: 使用必杀技成功返回True否则返回False\r\n        """\r\n        if self._mp >= 50:\r\n            self._mp -= 50\r\n            injury = other.hp * 3 // 4\r\n            injury = injury if injury >= 50 else 50\r\n            other.hp -= injury\r\n            return True\r\n        else:\r\n            self.attack(other)\r\n            return False\r\n\r\n    def magic_attack(self, others):\r\n        """魔法攻击\r\n        :param others: 被攻击的群体\r\n        :return: 使用魔法成功返回True否则返回False\r\n        """\r\n        if self._mp >= 20:\r\n            self._mp -= 20\r\n            for temp in others:\r\n                if temp.alive:\r\n                    temp.hp -= randint(10, 15)\r\n            return True\r\n        else:\r\n            return False\r\n\r\n    def resume(self):\r\n        """恢复魔法值"""\r\n        incr_point = randint(1, 10)\r\n        self._mp += incr_point\r\n        return incr_point\r\n\r\n    def __str__(self):\r\n        return f\'{self._name}奥特曼~~~\\n\' + \\\r\n            f\'生命值:{self._hp}\\n\' + \\\r\n            f\'魔法值:{self._mp}\\n\'\r\n\r\n\r\nclass Monster(Fighter):\r\n    """小怪兽"""\r\n    __slots__ = (\'_name\', \'_hp\')\r\n\r\n    def attack(self, other):\r\n        other.hp -= randint(10, 20)\r\n\r\n    def __str__(self):\r\n        return f\'{self._name}小怪兽~~~\\n\' + \\\r\n            f\'生命值:{self._hp}\\n\'\r\n\r\n\r\ndef is_any_alive(monsters):\r\n    """判断有没有小怪兽是否活着"""\r\n    for monster in monsters:\r\n        if monster.alive > 0:\r\n            return True\r\n    return False\r\n\r\n\r\ndef select_alive_one(monsters):\r\n    """选中一只活着的小怪兽"""\r\n    monsters_len = len(monsters)\r\n    while True:\r\n        index = randrange(monsters_len)\r\n        monster = monsters[index]\r\n        if monster.alive > 0:\r\n            return monster\r\n\r\n\r\ndef display_info(ultraman, monsters):\r\n    """显示奥特曼和小怪兽的信息"""\r\n    print(ultraman)\r\n    for monster in monsters:\r\n        print(monster, end=\'\')\r\n\r\n\r\ndef main():\r\n    u = Ultraman(\'阿良\', 1500, 150)\r\n    m1 = Monster(\'王大锤\', 250)\r\n    m2 = Monster(\'李大嘴\', 500)\r\n    m3 = Monster(\'武大郎\', 750)\r\n    m4 = Monster(\'灰太狼\', 1000)\r\n    ms = [m1, m2, m3, m4]\r\n\r\n    fight_round = 1\r\n    while u.alive and is_any_alive(ms):\r\n        print(f\'========第 {fight_round} 回合========\')\r\n        m = select_alive_one(ms)  # 选中一只小怪兽\r\n        skill = randint(1, 10)  # 通过随机数选择使用哪种技能\r\n\r\n        if skill <= 6:  # 60%的概率使用普通攻击\r\n            print(f\'{u.name}使用普通攻击打了{m.name}.\')\r\n            u.attack(m)\r\n            print(f\'{u.name}的魔法值恢复了{u.resume()}点.\')\r\n        elif skill <= 9:  # 30%的概率使用魔法攻击(可能因魔法值不足而失败)\r\n            if u.magic_attack(ms):\r\n                print(f\'{u.name}使用了魔法攻击.\')\r\n            else:\r\n                print(f\'{u.name}使用魔法失败.\')\r\n        else:  # 10%的概率使用究极必杀技(如果魔法值不足则使用普通攻击)\r\n            if u.huge_attack(m):\r\n                print(f\'{u.name}使用究极必杀技虐了{m.name}.\')\r\n            else:\r\n                print(f\'{u.name}使用普通攻击打了{m.name}.\')\r\n                print(f\'{u.name}的魔法值恢复了{u.resume()}点.\')\r\n\r\n        if m.alive > 0:  # 如果选中的小怪兽没有死就回击奥特曼\r\n            print(f\'{m.name}回击了{u.name}.\')\r\n            m.attack(u)\r\n\r\n        display_info(u, ms)  # 每个回合结束后显示奥特曼和小怪兽的信息\r\n        fight_round += 1\r\n\r\n    print(\'\\n========战斗结束!========\\n\')\r\n\r\n    if u.alive > 0:\r\n        print(f\'{u.name}奥特曼胜利!\')\r\n    else:\r\n        print(\'小怪兽胜利!\')\r\n\r\n\r\nif __name__ == \'__main__\':\r\n    main()\r\n</pre><p><br></p><p>一些想法 可以进一步拓展，使之更加好玩。</p><ol><li>增加BOSS级怪兽</li><li>可以选择游戏难度</li><li>道具系统： - 道具掉落：小怪兽随机掉落（几率很低），BOSS必定掉落 - 使用道具：玩家可以使用道具，提升自己的实力</li><li>加入场景 - 不同的场景，怪物的实力不一样 - 不同的场景，掉落的道具不一样 - 不同的场景，玩家可以获得不同的加成</li><li>增加玩家的属性类型</li><li>成长机制：引入玩家级别，可以打怪积累经验，并不断升级</li><li>任务机制：完成不同的任务，可以基类经验，并获得特定的道具和成就</li><li>成就系统：通过完成任务，达成各种成就</li></ol>', 1, 'show'),
	('2022-10-10 07:11:57', '2022-10-17 16:39:29', 6, '用CSS3实现逐帧动画', '用CSS3的动画属性对精灵图进行设置，即可实现逐帧动画。', '<p><br></p><p>用CSS3的动画属性对精灵图进行设置，即可实现逐帧动画。 在Flask项目中，背景的左下角和右上角，利用伪元素 `<span style="background-color: rgb(204, 224, 245);">::before` `::after</span>` 设置了一个走路和奔跑的动画，效果很不错。 考虑到不变动页面结构，于是直接就在Body元素上利用背景图来实现动画，这样 每个页面都能看到。</p><pre class="ql-syntax" spellcheck="false">body { \r\n  position: relative; \r\n  background-color: var(--page-bgcolor); \r\n  min-height: 100vh; \r\n}\r\n  \r\nbody::before { \r\n  content: "";\r\n  position: fixed; \r\n  width: 140px; \r\n  height: 140px; \r\n  top: 2%; \r\n  right: 3%; \r\n  background: url(../img/zhuzhen_4_s.png); \r\n  background-size: cover; \r\n  /* run 时长0.8s 分12步 无延时 反复播放*/\r\n  animation: run 0.8s steps(12) infinite; \r\n}\r\n    \r\nbody::after { \r\n  content: ""; \r\n  position: fixed; \r\n  width: 140px; \r\n  height: 200px; \r\n  bottom: 0px; \r\n  left: 3%; \r\n  background: url(../img/zhuzhen_3.png); \r\n  background-size: cover; \r\n  animation: walk 2s steps(8) infinite; \r\n} \r\n            \r\n@keyframes walk { \r\n    0% { background-position: 0 0; } \r\n    100% { background-position: -1120px 0; } \r\n} \r\n@keyframes run { \r\n  0% { background-position: 0 0; } \r\n  100% { \r\n    /* 1680px: 精灵图的宽度 */ \r\n    background-position: -1680px 0; \r\n  } \r\n} \r\n</pre><p>关于CSS3的动画设置，可参考下面的这篇文章，说得很详细：</p><p><a href="https://blog.csdn.net/qq_45708377/article/details/125966615" target="_blank">《CSS之动画基础—animation属性控制动画过程—走马灯—全民出游季》</a></p>', 1, 'show'),
	('2022-10-12 10:47:45', '2022-10-12 14:45:24', 7, 'FlaskBlog后续版本展望', 'FlaskBlog后续版本的一些想法', '<p><br></p><p>目前，FlaskBlog练习项目已经接近尾声了，但还有功能并不完善，不少地方的体验也是差强人意，设计感也还差点意思，要想用得爽，甚至成为唯一的选择，版本升级势在必行，展望一下，V2及后续版本应该的新增功能如下： </p><ol><li>使用SQLite数据库 目前使用的是MySQL数据库，虽然便于线上部署，但于我而言，并不方便。我会在公司或家里的电脑上写笔记或文章，这样导致公司和家里电脑上的MySQL数据库是不一致的，而同步两个不同电脑的本地MySQL数据库真的是件很麻烦的事，我现在还没找到合适的解决方案。所以，如果使用Python自带的SQLite数据库，则不用安装MySQL，直接将数据文件放在项目指定的目录下，轻松搞定。 需要了解在Flask中如何使用SQLite数据库。 </li><li>前后端分离 视频教程中并没有将前后端进行分离，直接将HTML内容编码到Python代码中，虽然方便学习，但实在是不利于维护，不是一种良好的实现方式。前端的功能也写在后端文件中，前端设计和后端开发存在紧耦合，当页面内容需要修改时，需要手动修改Python代码，非常麻烦，影响开发效率。比较合理的做法是前后端完全分离，前端负责页面展示及业务逻辑交互，后端负责功能实现及数据传递，中间通过设计好的接口协议进行交互。 【方案】：使用Vue或React构建前端，Python负责后端，前后端分离。 </li><li>使用Markdown编辑器 习惯使用Markdown 写笔记后，那些富文本编辑器顿时就不香了，不但样式需要手动设置，代码嵌入及展示就更不用说了，所以需要将编辑器改为Markdown。 </li><li>后台加入数据统计及分析 按照天/周/月/年的方式，统计输入的文字、文章数量（新增、修改、删除）、分类文章数量、Tag标签（按使用频率）等，并生产直观的图表。 </li><li>集成一些实用的小工具 倒计时、便签、待办事项、日历、热点图等可以考虑加入</li></ol>', 1, 'show'),
	('2022-10-12 14:23:18', '2022-10-17 16:39:29', 8, 'Sass处理的更高级媒体查询', 'Sass媒体查询应该是这样 ：动态，可定义，可以随意增加断点  简洁，自然的语法，可以自由组合，临时定义断点，可以组合多个断点，也可以临时自定义断点', '<p><br></p><p>本文来源：<a href="https://www.codercto.com/" target="_blank">码农网</a></p><p>本文链接：<a href="https://www.codercto.com/a/75878.html" target="_blank">Sass处理的更高级媒体查询</a></p><blockquote>内容简介：普通css中使用@media 去处理响应式网站开发估计大部分人都遇到过，但是在css预处理如此流行的今天，我们应该学会更敏捷的开发模式，更好的让他们发挥最大的效率。响应式开发大同小异但是具体处理方案还是很多的，这里我分享一个比较规范，用起来也比较舒服的scss处理的媒体查询方案。具体方案大概是这样：</blockquote><p>普通css中使用@media 去处理响应式网站开发估计大部分人都遇到过，但是在css预处理如此流行的今天，我们应该学会更敏捷的开发模式，更好的让他们发挥最大的效率。响应式开发大同小异但是具体处理方案还是很多的，这里我分享一个比较规范，用起来也比较舒服的scss处理的媒体查询方案。</p><p>具体方案大概是这样：</p><p><strong>先定义一些断点（也就是我们要界别的设备尺寸）</strong></p><pre class="ql-syntax" spellcheck="false">// _config.scss\r\n$breakpoints: (  \r\n\'xs\': \'only screen and ( min-width: 480px)\',  \r\n\'sm\': \'only screen and ( min-width: 768px)\',  \r\n\'md\': \'only screen and ( min-width: 992px)\',  \r\n\'lg\': \'only screen and ( min-width: 1200px)\',\r\n) !default;\r\n</pre><p><strong>然后定义mixin:</strong></p><pre class="ql-syntax" spellcheck="false">// _mixins.scss\r\n@mixin respond-to($breakpoint) {  \r\n$query: map-get($breakpoints, $breakpoint);  \r\n// 这里是scss error提示估计大部分人（包括我）都没怎么使用过  \r\n@if not $query {    \r\n@error "No value found for \'#{$breakpoint}\'. Please make sure it is defined in \'$breakpoints\' map.";  \r\n}   \r\n// 具体断点解释在这里，作者比较严谨，校验了$query合法性  \r\n@media #{if(type-of($query) == \'string\', unquote($query), \r\ninspect($query))}   \r\n{    @content;  }\r\n}\r\n</pre><p>这里解释一些出现的一些scss函数</p><p>字符串函数顾名思意是用来处理字符串的函数。Sass 的字符串函数主要包括两个函数：</p><pre class="ql-syntax" spellcheck="false">unquote($query)：删除字符串中的引号；\r\nquote($query)：给字符串添加引号。\r\ninspect($query) Maps不能转换为纯CSS。作为变量的值或参数传递给CSS函数将会导致错误。\r\n使用inspect($query) 函数以产生输出字符串复制代码\r\n</pre><p><strong>使用的时候这样写：</strong></p><pre class="ql-syntax" spellcheck="false">// _component.scss\r\n.element {  \r\n    color: #000;​  \r\n    @include respond-to(sm) {\r\n        color: #333;\r\n    }\r\n}\r\n</pre><p>最后编译完成输出结构是</p><pre class="ql-syntax" spellcheck="false">.element {\r\n  color: #000;\r\n}\r\n​@media (min-width: 768px) {\r\n  .element {    color: #333;  }\r\n}\r\n</pre><p>这样当需求更改，导致媒体查询数值变化的时候，我们只需要改$breakpoints中的值，而不必查找、替换。并且使用@include可以使我们的代码维护容易。</p><p>那么如果我需要定义移动端retina屏幕使用二倍的背景图，需要怎么做？</p><p>新增加一个断点，然后使用即可。</p><pre class="ql-syntax" spellcheck="false">$breakpoints: (\r\n  ...  \'xs-retina\'  : ( max-width: 768px) and (-webkit-min-device-pixel-ratio: 2),\r\n);\r\n</pre><p>这时候就出现小问题了，如果页面很复杂，需要新增很多断点，那么可能会出现组合爆炸，造成$brekpoints的子项很多很多，除了会影响sass编译速度之外，维护起来也会更加麻烦。</p><p><strong>Sass媒体查询应该是这样</strong></p><p>动态，可定义，可以随意增加断点</p><p>简洁，自然的语法，可以使用 <=,>=, >,< 符号（←_←）比如 @include media(">minWidth")</p><p>可以自由组合，临时定义断点，可以组合多个断点，也可以临时自定义断点，比如 @include media(">tablet", "<1280px")</p><p><br></p><p>如果你觉得感兴趣，可以尝试下Eduardo Bouças和Hugo Giraudel的开源作品@include-media</p><p><a href="https://link.juejin.im/?target=https%3A%2F%2Fwww.v5ant.com%2Fdetails%2FPYQNgXAEm.html" target="_blank">原文地址</a></p>', 1, 'show'),
	('2022-10-12 17:33:51', '2022-10-17 16:39:29', 9, '你未必知道的49个CSS知识点', '文中的49个CSS技巧，虽然很多技巧都是鲜为人知的，但在特定的场景下，很好用。', '<p><br></p><p>本文的每一条，都是我曾经发过的掘金沸点，其中有很多条超过了百赞（窃喜）。</p><p>鉴于时不时有童鞋翻我以前的沸点，因此，本文收集了个人目前发过的<strong>所有</strong>CSS知识点动图，以便阅读。</p><p>需要说明的是，顺序仍是按当时发布顺序罗列的，还没有系统的总结，多多包涵。</p><p>另外这里，老姚谢谢各位一如既往的支持。</p><h5>01.【负边距】负边距的效果。注意左右负边距表现并不一致。左为负时，是左移，右为负时，是左拉。上下与左右类似</h5><p><img src="https://p1-jj.byteimg.com/tos-cn-i-t2oaga2asx/gold-user-assets/2019/7/30/16c3f20e0bfc9f24~tplv-t2oaga2asx-zoom-in-crop-mark:3024:0:0:0.gif"></p><p><br></p><h4>02.【shape-outside】❤不要自以为是了。你以为自己是方的，在别人眼里你却是圆的</h4><p><img src="https://p1-jj.byteimg.com/tos-cn-i-t2oaga2asx/gold-user-assets/2019/7/29/16c3d4d63509b4f0~tplv-t2oaga2asx-zoom-in-crop-mark:3024:0:0:0.gif"></p><p><br></p><h5>03.【BFC应用】BFC应用之阻止外边距合并（margin collapsing）</h5><p><br></p><h5>04.【BFC应用】BFC应用之消除浮动的影响</h5><p><br></p><h5>05.【flex不为人知的特性之一】flex布局下margin:auto的神奇用法</h5><p><br></p><h5>06.【flex不为人知的特性之二】flex布局，当flex-grow之和小于1时，只能按比例分配部分剩余空间，而不是全部</h5><p><br></p><h5>07.【input的宽度】并不是给元素设置display:block就会自动填充父元素宽度。input 就是个例外，其默认宽度取决于size特性的值</h5><p><br></p><h5>08.【定位特性】绝对定位和固定定位时，同时设置 left 和 right 等同于隐式地设置宽度</h5><p><br></p><h5>09.【层叠上下文】层叠上下文：小辈就是小辈，再厉害也只是个小辈</h5><p><br></p><h5>10.【粘性定位】position:sticky，粘性定位要起作用，需要设置最后滞留位置。chrome有bug，firefox完美</h5><p><br></p><h5>11.【相邻兄弟选择器】相邻兄弟选择器之常用场景</h5><p><br></p><h5>12.【模态框】要使模态框背景透明，用rgba是一种简单方式</h5><p><br></p><h5>13.【三角形】css绘制三角形的原理</h5><p><br></p><h5>14.【table布局】display:table实现多列等高布局</h5><p><br></p><h5>15.【颜色对比度】蓝底红字，由于颜色对比度比较低，故而看不清，因此不是好的配色方案</h5><p><br></p><h5>16.【定宽高比】♥css实现定宽高比的原理：padding的百分比是相对于其包含块的宽度，而不是高度</h5><p><br></p><h5>17.【动画方向】动画方向可以选择alternate，去回交替进行</h5><p><br></p><h5>18.【线性渐变应用】css绘制彩带的原理</h5><p><br></p><h5>19.【隐藏文本】隐藏文字内容的两种办法</h5><p><br></p><h5>20.【居中】实现居中的一种简单方式</h5><p><br></p><h5>21.【角向渐变】新的渐变：角向渐变。可以用来实现饼图</h5><p><br></p><h5>22.【背景位置百分比】background-position百分比的正确理解方式：图片自身的百分比位置与容器同样的百分比位置重合</h5><p><br></p><h5>23.【背景重复新值】background-repeat新属性值：round和space。前者表示凑个整，后者表示留点缝</h5><p><br></p><h5>24.【背景附着】background-attachment指定背景如何附着在容器上，注意其属性值local和fixed的使用</h5><p><br></p><h5>25.【动画延时】动画添加延迟时间可以使步调不一致</h5><p><br></p><h5>26.【outline使用】可以使用outline来描边，不占地方，它甚至可以在里面</h5><p><br></p><h5>27【背景定位】当固定背景不随元素滚动时，背景定位是相对于视口的</h5><p><br></p><h5>28【tab-size】浏览器默认显示tab为8个空格，tab-size可以指定空格长度</h5><p><br></p><h5>29【动画暂停】CSS动画其实是可以暂停的</h5><p><br></p><h5>30【object-fit】图片在指定尺寸后，可以设置object-fit为contain或cover保持比例</h5><p><br></p><h5>31【鼠标状态】按钮禁用时，不要忘了设置鼠标状态</h5><p><br></p><h5>32【背景虚化】使用CSS滤镜实现背景虚化</h5><p><br></p><h5>33【fill-available】设置宽度为fill-available，可以使inline-block像block那样填充整个空间</h5><p><br></p><h5>34【fit-content】设置宽度为fit-content，可以使block像inline-block那样实现收缩宽度包裹内容的效果</h5><p><br></p><p>35【自定义属性】CSS自定义属性的简单使用</p><p><br></p><p>36【min-content/max-content】可以设置宽度为min-content和max-content，前者让内容尽可能地收缩，后者让内容尽可能地展开</p><p><br></p><p>37【进度条】使用渐变，一个div实现进度条</p><p><br></p><p>38【打印】可以在打印网页时，设置page相关属性。比如page-break-before属性来表示是否需要另起新页</p><p><br></p><p>39【逐帧动画】利用CSS精灵实现逐帧动画</p><p><br></p><p>40【resize】普通元素也可以像textarea那样resize</p><p><br></p><p>41【面包屑】使用before伪元素实现面包屑</p><p><br></p><p>42【sticky footer】使用grid布局实现sticky footer</p><p><br></p><p>43【动画填充状态】CSS可以设置动画开始前和结束时所保持的状态</p><p><br></p><p>44【动画负延迟】CSS动画可以设置延迟时间为负数，表示动画仿佛开始前就已经运行过了那么长时间</p><p><br></p><p>45【过渡】爱的魔力转圈圈</p><p><br></p><p>46【动画案例】水波效果原理</p><p><br></p><p>47【动画案例】CSS弹球动画效果的原理</p><p><br></p><p>48【outline】outline属性的妙用</p><p><br></p><p>49【grid】火狐浏览器grid布局检测器</p><p><br></p><p><br></p><p>希望有所帮助。</p><p>作者：老姚</p><p>链接：https://juejin.cn/post/6844903902123393032</p><p>来源：稀土掘金 著作权归作者</p>', 1, 'show'),
	('2022-10-12 22:02:38', '2022-10-13 11:48:15', 10, 'FlaskBlog开发踩坑记', '哪怕是照葫芦画瓢，也是有很多坑的，一不小心就会掉坑，爬上来很麻烦，特此记录，以免下次在同一地方摔倒两次。', '<p><br></p><blockquote>学Python有一段时间了，但总是断断续续，不连贯，更谈不上系统性了，于是借住项目来帮自己巩固学习成果。刚好有记笔记的需求，可以开发一个博客。Django框架偏重，而且集成度较高，Flask轻便灵活，于是就在B站上搜了下Flask博客开发视频，还真找到一套适合入门学习的，很详细，配合开发文档，我跟着视频学习，一句一句手敲代码，项目竟然马上要完结了。直到现在，项目都能正确运行，当然，即使是照葫芦画瓢，也是有很多坑的，一不小心就会掉坑，爬上来很麻烦。特此记录，以免下次在同一地方摔倒两次。</blockquote><p><br></p><h4>【2022-9-8】VS Code中启动Python虚拟环境报错</h4><p>在VS Code中启动Flask虚拟环境，结果报错：在此系统上禁止运行脚本。有关详细信息，请参阅 https:/go.microsoft.com/fwlink/?LinkID=135170 中的 about_Execution_Policies</p><p>搜索了一下，发现是执行策略的设置问题，解决办法如下：</p><ol><li>以管理员的身份运行vscode</li><li>vscode打开terminal / 或者电脑搜索Windows PowerShell然后以管理员的身份打开并执行以下命令</li><li>执行：`get-ExecutionPolicy`，显示`Restricted`，表示状态是禁止的</li><li>执行：`set-ExecutionPolicy RemoteSigned`</li><li>这时再执行`get-ExecutionPolicy`，就显示`RemoteSigned`</li><li>之后就不会出现这种问题情况了</li></ol><pre class="ql-syntax" spellcheck="false">PS C:\\Users\\Administrator> get-ExecutionPolicy\r\nRestricted\r\nPS C:\\Users\\Administrator> set-ExecutionPolicy RemoteSigned\r\n\r\n执行策略更改\r\n执行策略可帮助你防止执行不信任的脚本。更改执行策略可能会产生安全风险，如 https:/go.microsoft.com/fwlink/?LinkID=135170\r\n中的 about_Execution_Policies 帮助主题所述。是否要更改执行策略?\r\n[Y] 是(Y) [A] 全是(A) [N] 否(N) [L] 全否(L) [S] 暂停(S) [?] 帮助 (默认值为“N”): y\r\nPS C:\\Users\\Administrator> get-ExecutionPolicy\r\nRemoteSigned\r\nPS C:\\Users\\Administrator>\r\n</pre><p><br></p><p><br></p><h4>【2022-9-15】MySQL数据库创建失败（配置文件引发的杯具）</h4><p>下班后，在家里的电脑用zip包的方式安装MySQL8.0.30，解压完成后，忘记先新建`my.ini`配置文件，就直接输入命令`mysqld --initialize --console`开始安装了，然后继续`mysqld --initialize --console`，启动MySQL，修改密码，一切都很正常，但是，在用Navicat Premium12测试MySQL数据库时出错了，提示无法识别密码。这时，我才想起来刚才安装MySQL时没有创建配置文件`my.ini`，真是“一招不慎，全盘皆输”。</p><p>于是果断删除MySQL和Navicat Premium12。因为是ZIP安装MySQL，所以MySQL卸载后的残留信息，如C盘缓存，注册表信息等都得手动删除。在注册表搜索`mysql`，删除相关项和值，然后继续安装午饭安装MySQL。在`mysqld --initialize --console`这一步没问题，接下来的`mysqld --install`就报错了，提示`MySQL8.0.30已经安装`。</p><p>既然8.0.30版本已经安装了，那我换个版本总行了吧，于是又把刚装的MySQL卸了，又走一边流程，然后安装MySQL8.0.28，结果在`mysqld --install`时又报错，还是提示`MySQL8.0.30已经安装`，该死的，于是网上找了几篇如何彻底删除MySQL的文章，依葫芦画瓢，把注册表清理了下。继续安装MySQL8.0.28，还是卡在第二步`mysqld --install`。真的要疯掉了。</p><p>看来，应该还是注册表信息没清理干净，光看网上教程是不管用的，肯定还有漏网之鱼，思量之后，决定放个大招，下个注册表清理工具。于是下载清理注册表工具`WiseRegistryCleanerPortable`，对注册表进行全面优化，优化结束后，重新安装MySQL8.0.30，这次成了，提示安装成功，真是太难了。</p><p>接着安装Navicat Premium12就快了，测试MySQL数据库，连接正常，终于搞定了，一看时间，已经过去三个多小时了，一声长叹，哎……</p><p>就因为一个小失误，所以一个晚上反复安装，整了个寂寞，真是**一个配置文件引发的惨案**，下次不要再掉这样坑里，引以为戒！</p><p>另外，我在想，为啥不执行EXE安装程序呢？非要用ZIP的方式安装呢？EXE安装，哪有这么麻烦？哪需要折腾？……</p><p><br></p><p>折腾的流程如下：</p><p>安装 `MySQL8.0.30` & `Navicat Premium12` → 连接MySQL数据库失败（忘记创建`my.ini`） → 卸载`MySQL8.0.30` → 卸载`Navicat Premium12` → 手动清除C盘文件和注册表 → 重新安装`MySQL8.0.30` → 失败，提示30版本已经存在安装 → 按网上教程清除注册表 → 换版本安装 `MySQL8.0.28` → 失败，提示30版本已经存在 → 卸载MySQL8.0.28 → 下载清理注册表工具`WiseRegistryCleanerPortable` → 清理注册表 → 安装`MySQL8.0.30` 成功 → 安装`Navicat Premium12` 成功 → MySQL连接测试 → 新建数据库`flaskblog`</p><p><br></p><p><br></p><h4>【2022-9-20】设置Flask调试环境失败</h4><p>昨天晚上，在家里电脑上使用`$env:FLASK_ENV = "development"` 后进入Flask博客项目的Flask shell环境总是提示命令出错，无法进入。折腾了几个小时，还是没有任何进展，甚是郁闷。</p><p>今天，在《Flask Web开发：基于Python的Web应用开发实战》看到Flask调试环境相关内容，了解比较规范的写法。回家后，用`$env:FLASK_DEBUG = 1` 取代 `$env:FLASK_ENV = "development"`，竟然顺利进入Flask的调试环境了，小小鸡冻了下。Flask博客项目的Flask调试环境变量配置如下：</p><p>Windows-powershell、VsCode的设置如下：</p><pre class="ql-syntax" spellcheck="false">(venv) > $env:FLASK_APP = "RealProject"  # 读取APP位置\r\n(venv) > $env:FLASK_DEBUG = 1       # 设置开发模式为调试\r\n\r\n(venv) > flask shell\r\n</pre><p>命令提示符（cmd）的设置如下：</p><pre class="ql-syntax" spellcheck="false">(venv) > set FLASK_APP = RealProject  # 读取APP位置\r\n(venv) > set FLASK_DEBUG = 1      # 设置开发模式为调试\r\n\r\n(venv) > flask shell\r\n</pre><p><br></p><p><br></p><h4>【2022-10-9】MySQL数据库flaskblog替换失败</h4><p>【起因】公司电脑上添加了几篇文章进行测试，数据库相对之前变动较大，想回去继续在家里电脑上开发，数据库也必须更新，但数据库文件不在项目文件夹下，于是就想到把MySQL目录下的数据库文件拷贝，把家里对应的文件替换掉，这样应该可以实现更新，我真是太天真了。</p><p>【掉坑】把公司的flaskblog数据文件直接上传到项目data文件夹下，回家后把这几个文件粘贴到MySQL安装目录下的flaskblog数据库文件夹中，结果悲催了，运行中的项目报错，连不上了，提示数据库错误。</p><p>【爬坑】删除flaskblog数据库中所有的表，重新把数据模型同步到数据库。进入Flask调试环境，进入Flask Shell，输入命令如下：</p><pre class="ql-syntax" spellcheck="false">>>> from RealProject import db\r\n>>> db.create_all()\r\n</pre><p>【PS】在使用HeidiSQL软件时，发现数据库和表可以导出SQL脚本，也可以导入。于是想到，公司的数据库更新后，导出为SQL文件，然后回到家里再导入，应该可行。</p><p><br></p><p><br></p><h4>【2022-10-12】MySQL数据库flaskblog更新失败</h4><p>【起因】公司的电脑上新增了几篇文章，标签也有新增，分类进行了调整，所以数据库得更新。</p><p>【掉坑】将公司的数据库文件导出为SQL文件，上传到项目Data文件夹，回家更新后，打开HeidiSQL，进行导入，结果报错，结束导入，发现数据库还是原来的，而不是最新的。</p><p>【爬坑】使用MySQL命令删除数据库所有表，把在公司导出的数据库SQL脚本导入到家里的数据库。清空或删除表，可在HeidiSQL中操作，也可以用SQL命令(如下)，在HeidiSQL中连接MySQL数据库后，打开MySQL命令行工具，输入以下命令：</p><pre class="ql-syntax" spellcheck="false"># 显示数据库\r\nmysql> show databases;\r\n\r\n# 使用数据库 [flaskblog]\r\nmysql> use flaskblog;\r\n\r\n# 删除数据表\r\nmysql> drop table alembic_version, category, post, tag, tags, user;\r\n\r\n# 导入SQL文件\r\nmysql> source E:/git/pythonStudy/web/flaskBlog/data/flaskblog.sql;\r\n\r\n# 显示导入的表\r\nmysql> show tables;\r\n</pre><p><br></p><p>---------------------</p>', 1, 'show'),
	('2022-10-13 17:51:57', '2022-10-17 16:39:29', 11, '使用css3实现图片自动轮播', '网页上的轮播图一般都是JS写的，其实CSS也可以实现类似的轮播图效果。', '<p><br></p><p><span style="color: rgb(18, 18, 18);">大家在浏览网页的过程中，会遇见一种名叫图片轮播的特殊效果：在同样的位置不同的图片会根据时间的变化循环播放，达到一种类似于播放幻灯片的效果。那么我们在网页开发的过程中如何实现图片的轮播特效呢？本文将向大家展示一下如何使用css3实现图片的轮播特效。</span></p><h4>使用css3实现轮播特效的主体思想</h4><p>我们会在同样的位置准备好多个大小相同的图片，并且横放在div容器内，然后在div容器之上设置一个展示容器，其中展示容器的大小和图片大小相同，最后给图片容器添加自定义动画，并且在动画不同阶段设置递增的偏移值。</p><h4>注意</h4><p>动画效果分为两部分：切换和停留。</p><p>动画的偏移值和图片大小相关。</p><h4>使用css3实现轮播特效的原理</h4><p>首先必须保证展示容器大小与图片大小相同，再为图片添加float效果，然后确定插入的图片数量并且为每个图片设置动画阶段，其中每个阶段都是通过使用keyframes设置递增的margin-left值达到切换的效果。</p><h4>使用css3实现图片轮播特效的步骤（代码）</h4><h5>步骤一：使用HTML添加图片</h5><p><br></p><h5>步骤<span style="color: rgb(18, 18, 18);">二：使用css3设置动画阶段</span></h5><pre class="ql-syntax" spellcheck="false">#container {\r\nwidth: 400px;\r\nheight: 300px;\r\noverflow: hidden;\r\n}\r\n#photo {\r\nwidth: 1200px;\r\nanimation: switch 5s ease-out infinite;\r\n}\r\n#photo > img {\r\nfloat: left;\r\nwidth: 400px;\r\nheight: 300px;\r\n}\r\n@keyframes switch {\r\n0%, 25% {\r\nmargin-left: 0;\r\n}\r\n35%, 60% {\r\nmargin-left: -400px;\r\n}\r\n70%, 100% {\r\nmargin-left: -800px;\r\n}\r\n}\r\n</pre><h4>实现图片轮播的效果图</h4><p><img src="https://pic1.zhimg.com/v2-74edbab9b9ebf76258032f7a69f97de4_b.webp"></p>', 1, 'show'),
	('2022-10-13 19:44:14', '2022-10-18 09:07:54', 12, 'MySQL数据库基本操作', 'MySQL数据库基本操作', '<h4><br></h4>\n<h4><strong>一、数据库操作</strong></h4>\n<p>（建库 -> 查看库 -> 选库 -> 删库）</p>\n<p>1.创建数据库：要想将数据储存到数据库之中，首先我们需要创建一个数据库；</p>\n<p>（1）基本语法：<strong><em>create database </em></strong><strong style="color: rgb(0, 0, 255);"><em>数据库名称</em></strong><strong><em> [</em></strong><strong style="color: rgb(0, 0, 255);"><em>库选项</em></strong><strong><em>]；</em></strong></p>\n<p> </p>\n<p>2.数据库的检查：进行了创建数据库时，如果此时已经存在同名数据库，那么程序就会报错，所以我们引入了检查的方式；</p>\n<p>（1）基本语法：<strong><em>create database if not exists </em></strong><strong style="color: rgb(0, 0, 255);"><em>数据库名称</em></strong><strong><em>；</em></strong></p>\n<p>解释：此时程序会正常运行且不会报错，我们可以从执行语句中判断是否建库成功；</p>\n<p>（2）当进行了检查后，我们可以查看到服务器的警告信息，我们此时可以通过方法来查看错误；</p>\n<p>基本语法：<strong><em>show warnings；</em></strong></p>\n<p> </p>\n<p>3.查看数据库：完成建库后，我们需要查看该数据库的信息，或查看MySQL服务器当前都有哪些数据库，便可通过方法实现；</p>\n<p>（1）查看MySQL服务器下的所有数据库；</p>\n<p>基本语法：<strong><em>show databases；</em></strong></p>\n<p>（2）查看指定数据库的信息；</p>\n<p>基本语法：<strong><em>show create database </em></strong><strong style="color: rgb(0, 0, 255);"><em>数据库名称</em></strong>；</p>\n<p> </p>\n<p>4.选择数据库：在对数据库中的数据进行操作时，我们需要选择恰当的数据库，我们可以通过以下的方法进行实现；</p>\n<p>（1）基本语法：<strong><em>use </em></strong><strong style="color: rgb(0, 0, 255);"><em>数据库名称</em></strong>；</p>\n<p>（2）在登陆MySQL时，如果在这之前我们已经建库，那么可以直接选择数据库；</p>\n<p>基本语法：<strong><em>mysql - u </em></strong><strong style="color: rgb(0, 0, 255);"><em>用户名</em></strong><strong><em> - </em></strong><strong style="color: rgb(0, 0, 255);"><em>密码</em></strong><strong><em> </em></strong><strong style="color: rgb(0, 0, 255);"><em>数据库名称</em></strong>；</p>\n<p> </p>\n<p>5.删除数据库：删库操作会清楚数据库中的所有数据，回收为数据库分配的存储空间；</p>\n<p>（1）<strong><em>drop database </em></strong><strong style="color: rgb(0, 0, 255);"><em>数据库名称</em></strong>；</p>\n<p>（2）和建库一样，当我们的数据库不存在的时候，服务器会报错，此时我们可以通过和建库一样的方法来进行检查；</p>\n<p>基本语法：<strong><em>drop database if not exists </em></strong><strong style="color: rgb(0, 0, 255);"><em>数据库名称</em></strong>；</p>\n<p> </p>\n<p>6.数据库中的注释方法：</p>\n<p>（1）单行注释：<strong><em># </em></strong>或 <strong><em>- -</em></strong></p>\n<p>注意：使用第二种方法时，为了防止与符号减法运算混淆，我们必须在两个--之间加入至少一个控制字符（如空格、制表符、换行符等）；</p>\n<p>（2）多行注释：<strong><em>/* */</em></strong></p>\n<p> </p>\n<p>7. Attention：</p>\n<p>（1）换行、缩进、结尾分隔符：在MySQL中，SQL语句可以单行或多行书写，可以根据需求使用换行符增强语句的可读性，但是在语句结束时，我们需要 通过<strong><em>（；）</em></strong>来进行结尾；</p>\n<p>另外，在命令窗口时，我们还可以用<strong><em>（\\g）</em></strong>来进行结尾，效果与分号相同；</p>\n<p>此外，在命令窗口中，我们还可以用<strong><em>（\\G）</em></strong>来进行结尾，它会将显示结果以每条记录（一行数据）为一组，将所有的字段纵向排列展示；</p>\n<p>（2）大小写问题：MySQL的关键字在使用时不区分大小写；另外，MySQL中的所有数据库名称、数据表名称、字段名称默认情况在Windows系统下都忽略大小写，在Linux系统下数据库与数据表名称则区分大小写；</p>\n<p> </p>\n<h4><strong>二、数据表操作</strong></h4>\n<p>（建表 -> 查看表 -> 修改表 -> 修改表内容 -> 查看表结构 -> 查看表内容）</p>\n<p>1.创建数据表：在数据库中创建新表</p>\n<p>（1）基本格式：<strong><em>create [temporary] table [if not exists] </em></strong><strong style="color: rgb(0, 0, 255);"><em>数据表名称</em></strong>；</p>\n<p>（2）temporary表示表格为临时表格，仅在当前会话中可见，并且在会话关闭时自动删除；</p>\n<p> </p>\n<p>2.查看数据表：MySQL中提供了专门的SQL语句，用于产看某数据库中存在的所有数据表、指定模式的数据表或数据表的相关信息；</p>\n<p>（1）查看数据表：上述的语法中，若不加LIKE匹配模式，表示查看当前数据库的所有数据表；若添加则按照匹配模式查看数据表</p>\n<p>基本格式：<strong><em>show tables [like </em></strong><strong style="color: rgb(0, 0, 255);"><em>匹配模式</em></strong><strong><em>]</em></strong>；</p>\n<p>匹配模式符有两种，分别是 "%" 和 "_" ；前者表示匹配一个或多个字符，代表任意长度的字符串，长度也可以为0；后者仅可以匹配一个字符；</p>\n<p>（2）查看数据表相关信息：</p>\n<p>基本格式：<strong><em>show table status [from </em></strong><strong style="color: rgb(0, 0, 255);"><em>数据库名称</em></strong><strong><em>] [like </em></strong><strong style="color: rgb(0, 0, 255);"><em>匹配模式</em></strong><strong><em>]；</em></strong></p>\n<p> </p>\n<p>3.修改数据表：修改数据表的名称和表选项</p>\n<p>（1）修改数据表名称：</p>\n<p>基本格式1（修改单个数据表名）：<strong><em>alter table </em></strong><strong style="color: rgb(0, 0, 255);"><em>旧表名</em></strong><strong><em> rename [to|as] </em></strong><strong style="color: rgb(0, 0, 255);"><em>新表名</em></strong>；</p>\n<p>基本格式2（修改单个或多个数据表名）：<strong><em>rename table </em></strong><strong style="color: rgb(0, 0, 255);"><em>旧表名</em></strong><strong><em> to </em></strong><strong style="color: rgb(0, 0, 255);"><em>新表名</em></strong><strong><em>，</em></strong><strong style="color: rgb(0, 0, 255);"><em>旧表名</em></strong><strong><em> to </em></strong><strong style="color: rgb(0, 0, 255);"><em>新表名</em></strong><strong><em>···</em></strong><em> </em>;</p>\n<p>（2）修改表选项：</p>\n<p>基本格式：<strong><em>alter table </em></strong><strong style="color: rgb(0, 0, 255);"><em>表名</em></strong><strong><em> </em></strong><strong style="color: rgb(0, 0, 255);"><em>表选项</em></strong><strong><em> [=] </em></strong><strong style="color: rgb(0, 0, 255);"><em>值</em></strong>；</p>\n<p> </p>\n<p>4.查看表结构</p>\n<p>（1）查看数据表的字段信息：</p>\n<p>基本格式1：<strong><em>[describe|desc] </em></strong><strong style="color: rgb(0, 0, 255);"><em>数据表名</em></strong>；</p>\n<p>基本格式2：<strong><em>[describe|desc] </em></strong><strong style="color: rgb(0, 0, 255);"><em>数据表名 字段名</em></strong>；</p>\n<p>（2）查看数据表的创建语句</p>\n<p>基本格式：<strong><em>show create table </em></strong><strong style="color: rgb(0, 0, 255);"><em>数据表名</em></strong>；</p>\n<p>（3）查看数据表结构：[full]表示显示详细内容，在不添加的情况下查询结果与desc结果相同；</p>\n<p>基本格式1：<strong><em>show [full] columns from </em></strong><strong style="color: rgb(0, 0, 255);"><em>数据表名</em></strong><strong><em> [from </em></strong><strong style="color: rgb(0, 0, 255);"><em>数据库名</em></strong><strong><em>]</em></strong>；</p>\n<p>基本格式2：<strong><em>show [full] columns from </em></strong><strong style="color: rgb(0, 0, 255);"><em>数据库名</em></strong><strong><em>.</em></strong><strong style="color: rgb(0, 0, 255);"><em>数据表名</em></strong>；</p>\n<p> </p>\n<p>5.修改数据表</p>\n<p>（1）修改字段名：</p>\n<p>基本格式：<strong><em>alter table </em></strong><strong style="color: rgb(0, 0, 255);"><em>数据表名</em></strong><strong><em> change [column] </em></strong><strong style="color: rgb(0, 0, 255);"><em>旧字段名 新字段名 字段类型</em></strong><strong><em> [</em></strong><strong style="color: rgb(0, 0, 255);"><em>字段属性</em></strong><strong><em>]</em></strong>；</p>\n<p>（2）修改字段类型：</p>\n<p>基本格式：<strong><em>alter table </em></strong><strong style="color: rgb(0, 0, 255);"><em>数据表明</em></strong><strong><em> modify [column] </em></strong><strong style="color: rgb(0, 0, 255);"><em>字段名 新类型</em></strong><strong><em> [</em></strong><strong style="color: rgb(0, 0, 255);"><em>字段属性</em></strong><strong><em>]</em></strong>；</p>\n<p>（3）修改字段位置：格式1是将字段放到首位，格式2是将字段名2放到字段名1之后；</p>\n<p>基本格式1：<strong><em>alter table </em></strong><strong style="color: rgb(0, 0, 255);"><em>数据表名</em></strong><strong><em> modify [column] </em></strong><strong style="color: rgb(0, 0, 255);"><em>字段名1 数据类型</em></strong><strong><em> [</em></strong><strong style="color: rgb(0, 0, 255);"><em>字段属性</em></strong><strong><em>] first</em></strong>；</p>\n<p>基本格式2：<strong><em>alter table </em></strong><strong style="color: rgb(0, 0, 255);"><em>数据表名</em></strong><strong><em> modify [column] </em></strong><strong style="color: rgb(0, 0, 255);"><em>字段名1 数据类型</em></strong><strong><em> [</em></strong><strong style="color: rgb(0, 0, 255);"><em>字段属性</em></strong><strong><em>] after </em></strong><strong style="color: rgb(0, 0, 255);"><em>字段名2</em></strong>；</p>\n<p>（4）新增字段：格式1新增一个字段并可指定其位置，格式2可同时新增多个字段</p>\n<p>基本格式1：<strong><em>alter table </em></strong><strong style="color: rgb(0, 0, 255);"><em>数据表名</em></strong><strong><em> add [column] </em></strong><strong style="color: rgb(0, 0, 255);"><em>新字段名 字段类型</em></strong><strong><em> [ first | after </em></strong><strong style="color: rgb(0, 0, 255);"><em>字段名</em></strong>]；</p>\n<p>基本格式2：<strong><em>alter table </em></strong><strong style="color: rgb(0, 0, 255);"><em>数据表名</em></strong><strong><em> add [column] （</em></strong><strong style="color: rgb(0, 0, 255);"><em>新字段名1 字段类型1</em></strong><strong><em>，</em></strong><strong style="color: rgb(0, 0, 255);"><em>新字段名1 字段类型2</em></strong><strong><em>···）</em></strong>；</p>\n<p>（5）删除字段：</p>\n<p>基本格式：<strong><em>alter table </em></strong><strong style="color: rgb(0, 0, 255);"><em>数据表名</em></strong><strong><em> drop [column] </em></strong><strong style="color: rgb(0, 0, 255);"><em>字段名</em></strong>；</p>\n<p> </p>\n<p>6.删除数据表</p>\n<p>（1）基本格式：<strong><em>drop [temporary] table [if exists] </em></strong><strong style="color: rgb(0, 0, 255);"><em>数据表1</em></strong><strong><em>，</em></strong><strong style="color: rgb(0, 0, 255);"><em>数据表2</em></strong><strong><em>···</em></strong>；</p>\n<p> </p>\n<p> </p>\n<h4><strong>三、数据操作</strong></h4>\n<p>1.添加数据</p>\n<p>（1）为所有字段添加数据：</p>\n<p>基本格式：<strong><em>insert [into] </em></strong><strong style="color: rgb(0, 0, 255);"><em>数据表名</em></strong><strong><em> { values | value }（</em></strong><strong style="color: rgb(0, 0, 255);"><em>值1，值2···</em></strong><strong><em>）</em></strong>；</p>\n<p>（2）为部分字段添加数据：</p>\n<p>基本格式1：<strong><em>insert [into] </em></strong><strong style="color: rgb(0, 0, 255);"><em>数据表名</em></strong><strong><em> （</em></strong><strong style="color: rgb(0, 0, 255);"><em>字段名1，字段名2···</em></strong><strong><em>） { values | value } （</em></strong><strong style="color: rgb(0, 0, 255);"><em>值1，值2···</em></strong><strong><em>）</em></strong>；</p>\n<p>基本格式2：<strong><em>insert [into]</em></strong><strong style="color: rgb(0, 0, 255);"><em> 数据表名</em></strong><strong><em> set </em></strong><strong style="color: rgb(0, 0, 255);"><em>字段名1</em></strong><strong><em> = </em></strong><strong style="color: rgb(0, 0, 255);"><em>值1</em></strong><strong><em>，</em></strong><strong style="color: rgb(0, 0, 255);"><em>字段名2</em></strong><strong><em> = </em></strong><strong style="color: rgb(0, 0, 255);"><em>值2···</em></strong>；</p>\n<p>（3）一次添加多行数据：</p>\n<p>基本格式：<strong><em>insert [into] </em></strong><strong style="color: rgb(0, 0, 255);"><em>数据表名</em></strong><strong><em> { values | value }</em></strong><strong style="color: rgb(0, 0, 255);"><em>（值列表），（值列表）</em></strong><strong><em>···</em></strong>；</p>\n<p> </p>\n<p>2.查询数据</p>\n<p>（1）查询表中全部数据：</p>\n<p>基本格式：<strong><em>select * from </em></strong><strong style="color: rgb(0, 0, 255);"><em>数据表名</em></strong>；</p>\n<p>（2）查询表中部分字段：</p>\n<p>基本格式：<strong><em>select {</em></strong><strong style="color: rgb(0, 0, 255);"><em>字段名1，字段名2，字段名3···</em></strong><strong><em>} from </em></strong><strong style="color: rgb(0, 0, 255);"><em>数据表名</em></strong>；</p>\n<p>（3）简单条件查询数据：</p>\n<p>基本格式：<strong><em>select *from </em></strong><strong style="color: rgb(0, 0, 255);"><em>数据表名</em></strong><strong><em> where </em></strong><strong style="color: rgb(0, 0, 255);"><em>字段名 = 数据</em></strong>；</p>\n<p> </p>\n<p>3.修改数据</p>\n<p>（1）基本格式：<strong><em>update </em></strong><strong style="color: rgb(0, 0, 255);"><em>数据表名</em></strong><strong><em> set </em></strong><strong style="color: rgb(0, 0, 255);"><em>字段名1 = 值1，字段名2 = 值2···</em></strong><strong><em>[ where 条件表达式]</em></strong>；</p>\n<p> </p>\n<p>4.删除数据</p>\n<p>（1）基本格式：<strong><em>delete from </em></strong><strong style="color: rgb(0, 0, 255);"><em>数据表名</em></strong><strong><em> [where 条件表达式]</em></strong>；</p>\n<p><br></p>\n<p>本文来自博客园，作者：<a href="https://www.cnblogs.com/egalehawk/" target="_blank" style="color: rgb(0, 0, 0);">愿你一生干净纯洁</a>，转载请注明原文链接：<a href="https://www.cnblogs.com/egalehawk/articles/16117398.html" target="_blank" style="color: rgb(0, 0, 0);">https://www.cnblogs.com/egalehawk/articles/16117398.html</a></p>', 1, 'show'),
	('2022-10-13 19:45:36', '2022-10-18 16:22:39', 13, '那些装逼的文字', '谁不曾年少，年轻人总是喜欢装的，于是就有了这些文青范儿十足的文字，用来装逼很高大上……', '<h3><br></h3>\n<p>谁不曾年少，年轻人总是喜欢装的，于是就有了这些文青范儿十足的文字，用来装逼很高大上……</p>\n<p><br></p>\n<h3>QQ签名</h3>\n<blockquote>常在QQ签名处装文青，中二范十足</blockquote>\n<p><br></p>\n<p>2009-11-25</p>\n<p>我望着青青的麦田，不知那涩涩的麦穗，会否在我的等待中，变成沉甸甸的金黄。</p>\n<p><br></p>\n<p>2009-12-02</p>\n<p>浮华褪尽暗香余，生如朝露一尘埃；若即若离常在心，梦里花落痕无语。</p>\n<p><br></p>\n<p>2011-07-09 </p>\n<p>又相聚，十年弹指间；再回首，两鬓风尘现。</p>\n<p><br></p>\n<p>2011-08-12</p>\n<p>蓦然回首封尘破，往事随风年华落</p>\n<p><br></p>\n<p>2011-09-15</p>\n<p>一叶障目，俺耳盗铃；返视内听，明心见性；奈何百转千回，前尘已定……</p>\n<p><br></p>\n<p>2012-09-26</p>\n<p>外界的束缚越多，内心的自由越少</p>\n<p><br></p>\n<p>2012-09-26</p>\n<p>笔锋纵横方圆见（xiàn），书笺留香墨飘尘。</p>\n<p><br></p>\n<p>2012-09-28</p>\n<p>欲望是自由的枷锁，贪婪是智慧的囚笼。</p>\n<p><br></p>\n<p>2012-12-05</p>\n<p>家有千金多富贵，庭种桃李余福德。</p>\n<p><br></p>\n<p><br></p>\n<h3>仿写</h3>\n<h4>回家的路上</h4>\n<blockquote>2011-08</blockquote>\n<p>自从遇到xy后，我才深信，这世上真有yjzq的事。</p>\n<p>   前两天，看了《非诚勿扰2》，除了很清晰地记得川川念的那首诗《见与不见》外，其他的情节都模模糊糊了。联想到去年以来，在下班回家的路上的那些事儿，也仿了首《回家的路上》 </p>\n<p>   遇见，或者不遇见，</p>\n<p>   等待就在那里，不增不减；</p>\n<p>   知道，或者不知道，</p>\n<p>   目光就在那里，不偏不移；</p>\n<p>   沉默，或者不沉默，</p>\n<p>   背影就在那里，不紧不慢；</p>\n<p>   是大步向前，还是转身离去？</p>\n<p>   茫然，徘徊，</p>\n<p>   何时，再见</p>\n<p><br></p>\n<h3>打油诗</h3>\n<p><br></p>\n<p>YY：2012年3月前后，李学辉离婚后又失恋了，在QQ聊天时，给他写了几首打油诗。</p>\n<p><br></p>\n<h4>失恋22天</h4>\n<p><br></p>\n<h5>失恋第18天</h5>\n<p>你离开的第18天</p>\n<p>我独自徘徊在街头</p>\n<p>看人来人往</p>\n<p>喧嚣的人群中</p>\n<p>总想找到你的背影</p>\n<p><br></p>\n<p>你离开的第18天</p>\n<p>我还是独自一人</p>\n<p>躲在黑暗里</p>\n<p>舔舐流血的伤口</p>\n<p>痛的不是血淋淋的伤口</p>\n<p>是那颗破碎的心</p>\n<p><br></p>\n<blockquote>2022-5-5 修改如下：</blockquote>\n<blockquote>你离开的第18天</blockquote>\n<blockquote>我还是独自一人</blockquote>\n<blockquote>躲在黑暗里</blockquote>\n<blockquote>舔舐着</blockquote>\n<blockquote>血淋淋的伤口</blockquote>\n<blockquote>痛的</blockquote>\n<blockquote>不是破损的体肤/肌肤</blockquote>\n<blockquote>是那颗破碎的心</blockquote>\n<p><br></p>\n<p>你离开的第18天</p>\n<p>我站在楼梯口前</p>\n<p>不知是上还是下</p>\n<p>于是我驻足沉思</p>\n<p>那些记忆的碎片</p>\n<p>交织出你的容颜</p>\n<p><br></p>\n<p><br></p>\n<h4>失恋第19天</h4>\n<p>你离开的第19天</p>\n<p>我很早就起来了</p>\n<p>正掐指算着天数</p>\n<p>这时耳边响起了</p>\n<p>你那熟悉的声音</p>\n<p>一股久违的快乐</p>\n<p>潺潺流淌在心头</p>\n<p><br></p>\n<p><br></p>\n<h5>失恋第20天</h5>\n<p>你离开的第20天</p>\n<p>天空下起了小雪</p>\n<p>飘起一丝丝寒意</p>\n<p>落进了我的心田</p>\n<p><br></p>\n<p><br></p>\n<h5>失恋第21天</h5>\n<p>你离开的第21天 </p>\n<p>老天爷心情不爽 </p>\n<p>下起了漫天的雨 </p>\n<p>我不禁仰天长啸 </p>\n<p>他妈的贼老天呀 </p>\n<p>你的脾气真臭啊</p>\n<p><br></p>\n<p><br></p>\n<h5>失恋第22天</h5>\n<p>你离开的第22天 </p>\n<p>紧张在空气中弥漫 </p>\n<p>我闻到了熟悉的味道 </p>\n<p>曾经拥有的一切 </p>\n<p>那是触手可及的遥远 </p>\n<p>无法忘却的记忆 </p>\n<p>见证了你我的情之殇</p>\n<p><br></p>\n<p>你离开的第22天</p>\n<p>我把22分解开来</p>\n<p>等于2个11</p>\n<p>很二很光棍啊</p>\n<p>我火了</p>\n<p>于是冷战开始</p>\n<p>没有唇枪舌剑</p>\n<p>紧张和沉重</p>\n<p>弥漫在空气中</p>\n<p>让我无法呼吸</p>\n<p><br></p>\n<p>你离开的第22天</p>\n<p>心中的郁闷</p>\n<p>野兽般蹂躏着我</p>\n<p>而你故意的冷漠</p>\n<p>让我快崩溃了</p>\n<p>于是冷战开始</p>\n<p>没有唇枪舌剑</p>\n<p>紧张和沉重</p>\n<p>弥漫在空气中</p>\n<p>让我无法呼吸</p>', 7, 'show'),
	('2022-10-14 09:30:00', '2022-10-18 16:22:39', 14, 'node.js基础知识汇总', '对node.js基础知识进行了概括性汇总，可以快速了解node.js的特点及语法知识', '<p><br></p>\n<blockquote>这篇文章主要介绍了node.js基础知识，帮助大家更好的理解和学习node.js，感兴趣的朋友可以了解下</blockquote>\n<p><br></p>\n<h4><strong style="color: rgb(255, 0, 0);">一、node介绍</strong></h4>\n<h5><strong>1.node的应用场景</strong></h5>\n<ul><li>工具类 gulp webpack vite （node可以让js运行在服务器）</li><li>可以做服务端 优化ssr</li><li>可以做中间层 （解决跨域问题，格式化数据）</li></ul>\n<h5><strong>2.性能</strong></h5>\n<ul><li>非阻塞</li><li>异步I/O（当这个方法调用完毕后不会立即返回结果）</li><li>事件驱动（发布订阅模式）</li></ul>\n<h5><strong>3.优势</strong></h5>\n<p>在Java、PHP或者.NET等服务器语言中，会为每一个客户端连接创建一个新的线程。而每个线程需要耗费大约2MB内存。也就是说，理论上，一个8GB内存的服务器可以同时连接的最大用户数为4000个左右。要让web应用程序支持更多的用户，就需要增加服务器的数量，而web应用程序的硬件成本当然就上升了。</p>\n<p>NodeJs不为每个客户连接创建一个新的线程，而仅仅使用一个线程。当有用户连接了，就触发一个内部事件，通过非阻塞I/O、事件驱动机制，让Node.js程序宏观上也是并行的。使用Node.js，一个8GB内存的服务器，可以同时处理超过4万用户的连接。</p>\n<p><br></p>\n<h4><strong style="color: rgb(255, 0, 0);">二、node的全局对象和模块</strong></h4>\n<h5><strong>1.global</strong></h5>\n<p>global是全局对象，可以直接访问里面的属性</p>\n<p>里面有：</p>\n<ul><li>Buffer</li><li>process</li><li>setInterval,setTimeout,setImmediate</li><li>console</li><li>queueMicrotask</li></ul>\n<h5><strong>2.模块</strong></h5>\n<ul><li>__dirname</li><li>__filename</li><li>exports</li><li>module</li><li>require()</li></ul>\n<p><br></p>\n<h4><strong style="color: rgb(255, 0, 0);">三、process常用属性或方法</strong></h4>\n<p>process.platform 系统</p>\n<p>process.kill 杀进程</p>\n<p>process.exit 退出进程</p>\n<p>process.nextTick node中的微任务 当前执行栈的底部 优先级比promise高</p>\n<p>process.cwd() 当前的工作目录,是可变的，看命令在哪里执行 （__dirname当前文件所在的文件夹，此路径不会发生变化）</p>\n<p>process.env 环境变量（可以set，例如process.env.NODE_ENV）</p>\n<p>process.argv 执行时所带的参数</p>\n<p><br></p>\n<h4><strong style="color: rgb(255, 0, 0);">四、事件环机制</strong></h4>\n<p><img src="https://img.jbzj.com/file_images/article/202008/202082594251991.png?20207259439"></p>\n<p><br></p>\n<p>重要的三个阶段</p>\n<p>timer 存放定时器</p>\n<p>poll 轮询处理I/O回调</p>\n<p>check setImmediate</p>\n<p>如果在 I/O 回调的方法里，setImmediate优先于 timer 执行</p>\n<p>应为 poll 接下来是 check</p>\n<p>nextTick 算是一个微任务，不在事件环中</p>\n<p>在node 11 以上 宏任务与微任务的执行顺序与浏览器一样</p>\n<p><br></p>\n<h4><strong style="color: rgb(255, 0, 0);">五、Buffer</strong></h4>\n<p>JavaScript 语言自身只有字符串数据类型，没有二进制数据类型。</p>\n<p>但在处理像TCP流或文件流时，必须使用到二进制数据。因此在 Node.js中，定义了一个 Buffer 类，该类用来创建一个专门存放二进制数据的缓存区。在 Node.js 中，Buffer 类是随 Node 内核一起发布的核心库。Buffer 库为 Node.js 带来了一种存储原始数据的方法，可以让 Node.js 处理二进制数据，每当需要在 Node.js 中处理I/O操作中移动的数据时，就有可能使用 Buffer 库。原始数据存储在 Buffer 类的实例中。一个 Buffer 类似于一个整数数组，但它对应于 V8 堆内存之外的一块原始内存。Buffer属于global上的属性可以直接被访问，读取文件，写入（二进制）从硬盘中读取的数据都存到内存上，buffer可以和字符串相互转化</p>\n<p>定义buffer的三种方式</p>\n<pre class="ql-syntax" spellcheck="false">let buf1 = Buffer.alloc(6);\nlet buf2 = Buffer.from(\'珠峰\');\nlet buf3 = Buffer.from([65,66,67]);\n</pre>\n<p><br></p>\n<h5><strong>buffer中常用的方法</strong></h5>\n<ul><li>buff.toString()</li><li>buff.fill()</li><li>buff.slice()</li><li>buff.copy</li><li>Buffer.concat()</li><li>Buffer.isBuffer()</li><li>indexOf</li></ul>\n<p><br></p>\n<p>本文来自互联网，原文地址：<a href="https://www.jb51.net/article/194077.htm" target="_blank">https://www.jb51.net/article/194077.htm</a></p>', 1, 'show'),
	('2022-10-14 09:36:30', '2022-10-18 22:31:47', 15, '图床测试', '测试 gitee图床、Github图床是否可用', '<p>FlaskBlog项目使用的是Quill富文本编辑器，但是按照视频教程一步步操作，最后发现上传图片功能竟然没有修改成功，还是编辑器自带的，将图片转化为base64上传到数据库，真是郁闷。</p>\n<p>于是现在上传图片就变成了一件很麻烦的事了，需要直接加载网络图片，在gitee上我有一个图床，测试一下是否可以在博客内调用。结果还是不行。</p>\n<p>应该不是图床的问题，于是，我又用HTML文件测试了一下，只有一个img标签，访问成功。</p>\n<p>这个富文本编辑器除了上传图片的问题，HTML代码的问题，哪怕把文中包含HTML的部分设置为代码块了，但还是会在前台页面解析出来，这些问题虽然不大，但总是影响体验的。</p>\n<p>不解决这些小问题，始终是如鲠在喉，不吐不快，总是不太爽啊。</p>\n<h3 id="gitee">GItee图床</h3>\n<p><img alt="" src="https://gitee.com/aimoyu/imgbed/raw/master/img/mm_sexy_14.jpg" />\n<img alt="" src="https://gitee.com/aimoyu/imgbed/raw/master/img/mm_sexy_62.jpg" />\n<img alt="" src="https://gitee.com/aimoyu/imgbed/raw/master/img/mm_dousen.gif" /></p>\n<h3 id="github">Github图床</h3>\n<p><img alt="" src="https://github.com/bluseyu/imgbed/raw/master/mm_chemo_1.gif" />\n<img alt="" src="https://github.com/bluseyu/imgbed/raw/master/mm_sexy_15.jpg" />\n<img alt="" src="https://github.com/bluseyu/imgbed/raw/master/mm_sexy_32.jpg" /></p>', 1, 'show'),
	('2022-10-14 13:16:28', '2022-10-18 16:22:39', 16, '绿色年华：新兵连，新起点', '十八韶华，莫负青春。最好的年华，铸就那一抹绿。绿色，是生机，是希望，也是青春的颜色。那一年，我在军营，为国奉献。', '<p><br></p>\n<blockquote>十八韶华，莫负青春。最好的年华，铸就那一抹绿。绿色，是生机，是希望，也是青春的颜色。那一年，我在军营，为国奉献。</blockquote>\n<p><br></p>\n<h3>新兵连，新起点</h3>\n<p><br></p>\n<h4>走进军营的第一天</h4>\n<blockquote>2000年12月12日 星期二 中雪  [新兵团征文投稿]</blockquote>\n<p>“忽如一夜春风来，千数万树梨花开”。就是在这纷飞的梨花中，我走进了无数次梦中萦绕的绿色军营，我的兴奋也如这飞舞的精灵，渐渐消融在这片陌生的土地中了。此刻，夜幕已在军营的上空悄悄地拉了下来。我意识到从这一刻起，我将肩负起军人的神圣职责，十多年的期盼在这一刻变成了激动人心的现实。今天，岁月的摆钟指向2000年12月12日。</p>\n<p>在训练场，我下了接兵车。周围是苍翠的大树，郁郁葱葱，远处是连绵起伏的山峦。这里的一切都被一层淡淡的银白色若有若无地覆盖着，如略施淡妆的美丽少女，优雅而圣洁。不远处是一排整齐的营房，点缀在崇山峻岭之中。</p>\n<p>在去营区的路上，我们受到了热烈的欢迎，每一张面孔都是陌生而热情的。随后，我被一个大个子班长带走了。他姓颜，是新兵七连十二班班长。这时，我知道，我已站在了一个新的起点，我的军旅生涯从今天开始拉开了帷幕。</p>\n<p><br></p>\n<p><br></p>\n<h4>给姐姐的信</h4>\n<blockquote>2001年2月10日  星期六  [正月十八，新兵团征文投稿]</blockquote>\n<p>亲爱的姐姐：</p>\n<p>  见信好！</p>\n<p>  岁月的脚步总是那么匆匆，不知不觉中，字入伍至今天已经整整两个月了。</p>\n<p>  两个月的时间是短暂的，仿佛只是弹指一挥间。昨天的我还为穿上新军装二兴奋不已，今天的我却已在新训的磨砺中成长为军营男子汉了。</p>\n<p>  两个月的时间又是漫长的，有太多太多难以忘怀的记忆，深深地刻入了我的人生，流淌在我的血液里。</p>\n<p>  忘不了临行前妈妈眼中闪动的泪花和殷切深情的叮嘱；</p>\n<p>  忘不了刚踏上新兵连这片热土时如梦如幻搬的真实和难以言表的激动；</p>\n<p>  忘不了训练场上的摸爬滚打，在风雨中铸就了铮铮铁骨，在汗水中炼就了钢铁意志；</p>\n<p>  忘不了授衔时的庄严与肃穆，宣誓时的神圣与自豪，那一刻的我内心久久不能平静……</p>\n<p>  更忘不了：</p>\n<p>  在我生日时，班长为我买来生日蛋糕，点燃生日蜡烛，让我的心底温暖至今；</p>\n<p>  大年夜里，战友们一起谈天说地，一起联欢座谈；</p>\n<p>  大雪之夜，班长替我们站岗执勤，对我们嘘寒问暖；</p>\n<p>  想家之时，首长们一句句新春祝福，一声声语重心长……</p>\n<p>  虽然我远离了家乡，远离了亲人，但在这火热的军营里，我感受到了真挚的战友情谊和大家庭的温暖，体验到了另一种真情。</p>\n<p>  姐，请你和爸妈放心，在部队的这两个月里，我已经真正地成长起来了。当我穿上这身国防绿时，便意味着我在人生的道路上迈出了坚实的新步伐。我很庆幸终于如愿地走进了绿色军营，我相信，青春的风景也会因为这段绿色年华而更加葱郁。面对多阳光也多风雨、多欢乐也多艰辛的人生旅途，我将一路高歌向前。</p>\n<p>  姐，请相信我，既已踏上从军路，我一定会走好脚下的每一步。只要付出了辛勤，洒下了汗水，就一定会拥有一个丰硕的秋天。</p>\n<p><br></p>\n<p>祝：</p>\n<p>  工作顺利</p>\n<p>  身体健康</p>\n<p>  并代向爸爸妈妈问好</p>\n<p><br></p>\n<p><br></p>\n<h4>安心在军营 让母亲放心</h4>\n<blockquote>刊登于2001年2月12日 新兵团报纸《新起点》第三期</blockquote>\n<p>在母亲殷切的叮嘱和闪动的泪花中，我怀着对梦想的追求，踏上了军营之旅。因为我在这里放飞了儿时的风筝，等待我的是新的起点。</p>\n<p>“好男儿要当兵”，孩提时的我，就暗下决心，长大了我也要当兵。生命在无声的岁月中悄悄成长。蓦然回首，曾让我羡慕不已的国防绿已穿在自己的身上——我是军人了。</p>\n<p>军营是一所大学校。自跨入这学校的那一刻起，就意味着我们必须学会以军人的标准来要求自己，勤奋学习，刻苦训练，尽快完成从普通百姓到合格军人的转变。只有这样，我们才能真正挺直自己的腰杆。因为我们是跨世纪的一代，因为我们是祖国未来的希望。我们从五湖四海汇聚到军营这面光荣的旗帜下，就必须坚定步伐，才能把这面旗帜举得更高。只有这样，我们才能让母亲真正放心。</p>\n<p>我们洒下的汗水，付出的辛勤，一定会拥有一个丰硕的秋天。经过锻炼，我们要把自己炼成“好钢”，经过磨砺，我们要把自己铸成宝剑。哪里需要我们，我们就在哪里一试锋芒，因为，我们是军人。</p>\n<p>新的路途已在脚下延伸，请母亲放心，我们会走好每一步。</p>\n<p><br></p>\n<p><br></p>\n<p><br></p>\n<h4>新训感悟</h4>\n<blockquote>刊登于2001年2月25日 新兵团报纸《新起点》第四期</blockquote>\n<p>打开记忆之门，悄然拨动心弦，我的生命也为之颤动，我激动，我自豪，因为我感觉到军人那特有的“热血”在体内沸腾。</p>\n<p>岁月无声无息地流逝，两个月仿佛只在静静的挥手间。昨天，我还为自己穿上绿军装而兴奋不已；今天，我已在新训的磨砺中成长为一名军人！</p>\n<p>记得刚入伍时，军营对我们来说，是那样的神圣、崇高，紧张有序的训练使我们只觉苦与累，可现在，军营对我来说，却是那么熟悉和亲切，紧张的训练已融入了我的生活。</p>\n<p>训练场上的摸爬滚打，不仅练就了我健壮的体格，更铸就了我坚强的意志。站如松的挺拔，给予了我作为军人特有的气质；“流血流汗不流泪，掉皮掉肉不掉队”的顽强是我青春的呐喊，无悔的追求。</p>\n<p>但愿我们蓦然回首时，发现自己正如那傲然怒放的梅花，把芬芳洒在祖国需要我们的每一处地方。</p>', 7, 'show'),
	('2022-10-14 13:20:58', '2022-10-18 16:22:39', 17, '绿色年华：士兵日记', '十八韶华，莫负青春。最好的年华，铸就那一抹绿。绿色，是生机，是希望，也是青春的颜色。那一年，我在军营，为国奉献。', '<p><br></p>\n<blockquote>十八韶华，莫负青春。最好的年华，铸就那一抹绿。绿色，是生机，是希望，也是青春的颜色。那一年，我在军营，为国奉献。</blockquote>\n<p><br></p>\n<h3>士兵日记</h3>\n<p><br></p>\n<h4>八月，激情正浓</h4>\n<blockquote>2002年8月11日  星期天  阴</blockquote>\n<p>不知不觉，入伍至今已有一年零八个月。</p>\n<p>我正年轻，却无法点燃心中的激情，似乎只有在学生时代才能找到那种疯狂的劲头，“少年不知愁滋味”，那时年少气盛，踌躇满怀，壮志凌云，真是“初生牛犊不怕虎”。</p>\n<p>经历社会的磨练，或许真的走向成熟了，但我分明感到皱纹开始爬上我的心头。</p>\n<p>经历越多却越迷茫，找不到自我了。我在所谓的锻炼中变得服从和忍耐，在服从和忍耐中失去了自己的个性，我不再是我。</p>\n<p>但我不能消沉，我找不到合适的借口。如果环境的改变或错位使我无法做自己喜爱的事，那么就接受现在的自己吧。既然已成事实，唯有在目前的位置上竭尽全力做到自己的最好。这是积极的生活态度，是对自己的生命负责。因为，无论你现在在干什么，都是你生命历程的一部分。</p>\n<p>美好的事物要及时把握和享受，而我们只能抓住今天。所以，要把我住今天，要专心致力于现在，今天就要活出精彩！生命有限，而且日益衰老，还有太多的意外与偶然，谁也无法预测明天的自己究竟会怎样！我们能做的只有用好能把握住的今天。每一个今天都充实而生动，积累起来，就是成功的人生。</p>\n<p>在我的潜意识中，是不能离开功夫的。也只有在练拳过后，我才能找回那种精力充沛、心旷神怡的美妙感觉，这是能量积累后的释放，是心情的释放。日久则心志愈坚，内外夯实，精神抖擞，朝气蓬勃。</p>\n<p>为了让生命在最佳状态下运转，为了重新找回久违的活力和热忱、激情和活力，我从现在开始必须坚持练功。一切从头开始，忙里偷闲，见缝插针地练习。</p>\n<p>8月，一个激情若火的岁月！8月，我站在一个全新的起点上。</p>\n<p><br></p>\n<p><br></p>\n<h4>在心中观海</h4>\n<blockquote>2002年10月6日 星期日 晴</blockquote>\n<p>我热爱大海，那是深邃的净土，浓郁而清幽，远离喧嚣的尘埃。我曾无数次想象在不同的时刻观海的情景。</p>\n<p>黎明时刻，薄雾轻笼，海鸥俯翔低飞，拍着双翼掠过海浪，轻呼浅唤，充满着绵绵的爱意。曙色熹微中，一轮红日喷薄而出，冉冉升起，万道金光，给茫茫的大海投下了生命的活力。</p>\n<p>中午时分，日悬中天，骄阳似火。微风拂过湛蓝的海面，粼粼波光随风荡漾。辛勤的渔夫扬着点点渔帆，在万顷碧波中撒下希望之网。</p>\n<p>黄昏时刻，斜阳西沉，醉人的晚霞烧红了天穹，映红了海面。</p>\n<p>夜幕降临，皓月当空，我漫步在海边，月光轻吻着海浪，给沙滩披上了一层朦胧的白纱。海风迎面扑来，我屏息静听它与海浪的喃喃细语，眼前幻化出天涯明月共此时的动人美景。</p>\n<p><br></p>\n<p><br></p>\n<h4>燃烧的绿色</h4>\n<blockquote>2004年8月2日 星期一 晴</blockquote>\n<p>昨天是“八一”建军节，我们自己的节日，因为我是一名军人。</p>\n<p>昨天过得还算可以，一口气读完了郭敬明的《幻城》，还有几篇散文，却触动了心中隐痛的弦。郭敬明比我年轻，八三年出生的，现在还在上海大学读书，大二已经结束，九月份就上大三了。</p>\n<p>在他十九岁的年龄里，写了一些非常漂亮的文字，其中夹杂着淡淡的忧伤，《幻城》就是那时创作的。</p>\n<p>而我的十九岁呢？不愿屈服于眼前的命运，想去个陌生的地方开始新的生活。结果还真去了，但却不是最初的选择。我不知道未来是怎样的，不过肯定是没有经历的。</p>\n<p>常告诫自己：不要拿自己和别人妄加比较，可一看到那些杰出的同龄人，又忍不住与自己衡量一番，我总是失败者，一副衰相，一事无成。这时，自卑在我心中又嚣张地占了一块地盘，我更加沉默和孤寂了。</p>\n<p>翻开这几年零零散散的一些日记，总是流动着一股孤愤的气息，灰色的调子。随手涂鸦，甚至是一些毫无意义的流水帐。我总是以自我为中心，看到的只是黑暗、颓废的一面。言为心声，为什么沉闷的音符总是缓缓地挥舞呢？或许，我的心镜上积压的灰尘实在太多，却从来没有彻底擦拭过。我总是在抱怨、发牢骚，写些破坏心情的文字，记载着自己的愤世怨俗。我总是痛恨自己的无能，埋怨命运的不公正，却从没有真正想办法去改变自己。当优越感慢慢丧失之后，我开始遗弃自己。我把我包围在自己的围城里，从九六年的那个秋天（夏天）开始了。我没有高举信念的旗帜乘风破浪，而是虐待自己，以最愚蠢的方式报复，但受伤的只是我自己。</p>\n<p>我沉溺于虚构的幻觉中，倒也自由地呼吸。不再在乎成绩的好坏，六十分万岁。其实考得好又怎样？</p>\n<p><br></p>\n<p><br></p>\n<h4>老兵退伍那天</h4>\n<blockquote>2004年11月25日 星期四 雨</blockquote>\n<p>别离之际，真的不知该说什么才好。岁月无声，挥手之间，两年的时光轻轻滑过指尖，了然无痕。</p>\n<p>藉着对军营的向往，藉着对军人的敬仰，我们汇聚在“八一”的旗帜下，相知在绿色方阵里。即将离别时，才知相聚之珍贵。军旅生涯将随脱下的绿军装退出人生的舞台，从此，只能在封存的记忆中守望这段感触颇多的难忘岁月。</p>\n<p>好战友，亲兄弟。两年的风雨兼程，相伴着我们走进绿色的军营，走过成长的岁月。泥泞留痕，当我们蓦然回首时，才发现沉淀在我们心中的岁月，总会在不经意间悄然涌上心头。</p>\n<p>再见了，我可爱的战友，我亲爱的兄弟。好好珍藏这段经历吧，毕竟那些熟悉的面孔是那么牢地粘贴在心头，别忘了这段人生之路我们共同走过。</p>\n<p>结束又是新的开始。我坚信你站在新的起跑线上，一定能到达更远的远方。相信你在以后的人生路上一定会大展鸿图，期盼着你的精彩与辉煌！我会一直为你加油、为你喝彩！</p>\n<p><br></p>\n<p><br></p>\n<h4>叩响记忆的环</h4>\n<blockquote>2004年11月25日 星期四 雨</blockquote>\n<p>记忆，扣在匙环上，把门打开后，它不会把你抛弃。随身携带着这只记忆的环，出了家门才会有一种安全感。</p>\n<p>即使你远飞高走，飘洋过海，只要攥紧记忆的环，什么时候回来，昨天的门随时都会给你打开。亲人会让你进去，朋友会让你进去，走进他们的世界，走进他们的心灵，走进那段古井般的深情。</p>\n<p>那里的天空无比高远，那里的海洋无比深邃，那是一片心灵的净土，是一个无比引人入胜的所在，静静地和殿堂一样神圣，闪耀着迷人的光辉。</p>\n<p>只要叩响记忆的环，一切都会重新再来。</p>', 7, 'show'),
	('2022-10-14 13:43:16', '2022-10-18 16:22:39', 18, '绿色年华：不说再见，东三', '十八韶华，莫负青春。最好的年华，铸就那一抹绿。绿色，是生机，是希望，也是青春的颜色。那一年，我在军营，为国奉献。', '<p><br></p>\n<blockquote>十八韶华，莫负青春。最好的年华，铸就那一抹绿。绿色，是生机，是希望，也是青春的颜色。那一年，我在军营，为国奉献。</blockquote>\n<p><br></p>\n<h3>不说再见——写在与东三导弹告别之际</h3>\n<p><br></p>\n<blockquote>写于2002年9月16日，2003年4月16日整理。</blockquote>\n<blockquote>注：东三退役之际，当时部队尚未整编，在发射二营六连（加注连）编制如下：连长汪德忠，指导员 金德龙；一排长王城，二排长忘记了，班长：吴道新、刘映合、王家树、李家富。营长 余逢龙，教导员 纵坤杰；四连（发射连）连长余相桃，五连（控制连）连长杨临忠。</blockquote>\n<p><br></p>\n<p>这是一个特别的季节，这个季节天高云淡、豪气冲天；这是一个特别的时刻，这个时刻红旗飘飘、别意绵绵。黎明中那一抹嫣红的启示已经让我们记住了这个庄严的时刻。在这庄严的时候，已经融入我们生命的东三导弹将牵引着我们深深的眷恋和浓浓的思念，退出历史的舞台。从此，我们只能在封存的记忆中守望这段激情燃烧的岁月。</p>\n<p><br></p>\n<p>作为一名老兵，一名号手，对东三导弹有着很深的情结。但现在，我们却要说：“再见了，亲爱的东三——我的伙伴，我的兄弟，我的老师！”是你教会我做人要有山的脊梁，江的气魄和海的胸襟。我每一次的成长与进步，都离不开你默默的守望。</p>\n<p><br></p>\n<p>当初，你踌躇满志地走进崇山峻岭，走进戈壁高原。博大精深是你的胸怀，雄伟挺拔是你的气魄，精忠报国是你的内涵，崇高神圣是你的风采。你甘于寂寞孤苦，选择了与大山为伍，选择了与我们为伴。春去秋来，长年累月，不畏风霜雪雨，不畏烈日流火。是你无私的牺牲，让天空献出云彩；是你默默的奉献，捍卫了祖国的和平。</p>\n<p><br></p>\n<p>骄阳洒过的场坪铺了无尽的金光，又折回深蓝的天。布满迷彩旋律的发射阵地，隐蛰于深山中。严阵以待、军容整齐的官兵，燃烧着沸腾的血，无法熄灭，只等一声令下，随时升腾我们的信念与尊严。这就是我们火箭兵的风貌，这就是我们操作号手的神采！</p>\n<p><br></p>\n<p>当我第一次看见你时，你以直指苍穹的铮铮铁骨，撞击着我们的灵魂之门。不知不觉中，你把所有的信念和意志注入我们的血脉，用你的真诚和精忠，使我的每一个细胞充满活力。夜风轻吟拂面，我开始领略你胸中跳动的旋律。于是，我服帖地把自己交给你，把信赖交给你，把我的歌交给共同追逐的天空，把这洪流倾注的、情感铸就的明天交给你，而你的眼中却是一片平静。</p>\n<p><br></p>\n<p>三十年的风雨兼程，相伴着我们走进绿色的军营，走过成长的岁月。终于，你走出了我们的视野，我送你出大门。山道弯弯，也能踏出铿锵的脚步。</p>\n<p><br></p>\n<p>回头望你，你也在望我，我却无法轻松。当我的目光越过记忆的小路，我看见了你留下的脚印。我知道，你要用一生的忠诚在黄昏外燃烧，在时间之外燃烧……</p>\n<p><br></p>\n<p>再见了，我亲爱的伙伴！让我再看你一眼吧！从你雄伟的身躯里，我仿佛看见一面红色的旗帜在飘舞，看到一支生命的火炬在燃烧！那么灿烂，那么辉煌，给人以无穷的勇气和力量！</p>', 7, 'show'),
	('2022-10-14 13:49:00', '2022-10-18 16:22:39', 19, '绿色年华：离别之际', '十八韶华，莫负青春。最好的年华，铸就那一抹绿。绿色，是生机，是希望，也是青春的颜色。那一年，我在军营，为国奉献。', '<p><br></p>\n<blockquote>十八韶华，莫负青春。最好的年华，铸就那一抹绿。绿色，是生机，是希望，也是青春的颜色。那一年，我在军营，为国奉献。</blockquote>\n<p><br></p>\n<h3>离别之际</h3>\n<p><br></p>\n<blockquote>2004年11月25日 星期四 雨  [老兵退伍那天，写给退伍战友郑胜的信]</blockquote>\n<p><br></p>\n<p>Dear ZhengShegn:</p>\n<p>别离之际，真的不知该说什么才好。岁月无声，挥手之间，两年的时光轻轻滑过指尖，了然无痕。</p>\n<p>藉着对军营的向往，藉着对军人的敬仰，我们汇聚在“八一”的旗帜下，相知在绿色方阵里。我很庆幸能结识你这样的战友，我一直以来都认为你是真正可以交心的挚友，是与我风雨同行的兄弟，从这一点来说，来当兵就没有什么可后悔的。既然选择了就要勇敢去面对，不管会发生什么。</p>\n<p>虽然我也经常说部队如何如何不好，但那只是排除心中抑郁的一种宣泄的方式而已。在军营里，我们确实没学到更多实用的知识和技能，看似浪费了时间，但在这种浪费的本身也是一种收获。就当作是人生的必修课，因为只要我们一天呆在部队就无法逃避这样的现实。浪费之后，心疼之后，才会倍加珍惜；压抑过后，苦闷过后，才更觉自由之可贵。况且，换个角度看问题，我们的毅力意志、纪律意识、个性品质、为人处事等或多或少也得到了一定的锻炼和提高，这些已无形中给你打上了军人的烙印。</p>\n<p><br></p>\n<p>我一直都很欣赏你，虽然在某些方面你看得不够全面甚至失之偏激，但这并不影响你的优秀，我们总会在时间中子或得过且过，他们安于现状，目光短浅，没有明确的人生目标，又不注重提高自身的素质，不能深入地认识认识自我，他们注定是平庸的。但你与他们不一样，你敢想敢做，观察事物、思考问题的角度也和他们不同。梦想是第一生命力，心中常怀希望，才会经常生活在光明之中，生活在热情之中。心中有景，处处花香满径。</p>\n<p>我一直坚信，只要你秉持信念，不轻易放弃，就一定能到达理想的彼岸。我是绝对相信你的，相信你会勇于去想，勇于去做，而且能想出创意，做出特色，显示出你智慧、顽强、真实的个性风采，体现出你优秀的一面。</p>\n<p>我一直坚信：“If you can think it,you can do it!”,只有想不到，没有做不到！我并不相信命运，这只是弱者庸人为自己辩护的借口！“我的字典中没有‘不可能’这个词。”其实，命运本无轨迹，命运的钥匙是掌握在自己手中的，事在人为，我们要做个真正的强者。“天行健，君子当自强不息”，正如你所信仰的“太阳不灭，希望就不会绝”。我总觉得，大丈夫要活得潇洒，干得豪气，要有出马一条枪，有跃马横刀，奋发向上干大事的气派。</p>\n<p>你也知道，今年我强烈渴望退伍，只是没有机会。你的选择，是非常明智的。因为只有当我们的心灵足够自由时，我们的潜能才会最大限度的发挥出来。</p>\n<p><br></p>\n<p>即将离别时，才知相聚之珍贵。军旅生涯将随脱下的绿军装退出人生的舞台，从此，只能在封存的记忆中守望这段感触颇多的难忘岁月。</p>\n<p>好战友，亲兄弟。两年的风雨兼程，相伴着我们走进绿色的军营，走过成长的岁月。泥泞留痕，当我们蓦然回首时，才发现沉淀在我们心中的岁月，总会在不经意间悄然涌上心头。</p>\n<p>再见了，我可爱的战友，我亲爱的兄弟。好好珍藏这段经历吧，毕竟那些熟悉的面孔是那么牢地粘贴在心头，别忘了这段人生之路我们共同走过。</p>\n<p>结束即是开始。我坚信你站在新的起跑线上，一定能到达更远的远方。相信你在以后的人生路上一定会大展鸿图，期盼着你的精彩与辉煌！收获事业、爱情的硕果。我会一直为你加油、为你喝彩！</p>\n<p><br></p>\n<p class="ql-direction-rtl ql-align-right">友： 余学知</p>\n<p class="ql-direction-rtl ql-align-right">二00四年十一月二十三～二十四日</p>', 7, 'show'),
	('2022-10-15 09:21:16', '2022-10-18 16:22:39', 20, '用CSS实现的轮播图，媲美JS', '一般的轮播图都是用JavaScript实现的，其实CSS也能实现一样效果的轮播图。', '<p><br></p>\n<p>参考了网上的文章《<a href="https://zhuanlan.zhihu.com/p/139667674" target="_blank">如何使用css3实现图片的自动轮播特效</a>》后，按照作者的思路，制作了升级版的CSS轮播图，不但可以自动轮播，也可以通过点击按钮来控制，全部用CSS实现。</p>\n<p><img src="https://t7.baidu.com/it/u=1819248061,230866778&fm=193&f=GIF"></p>', 1, 'show'),
	('2022-10-16 23:22:04', '2022-10-18 16:22:39', 21, '唯美渐变插画', '唯美渐变插画', '<p><br></p>\n<p><img src="https://t7.baidu.com/it/u=3195384123,421318755&fm=193&f=GIF"></p>\n<p><img src="https://t7.baidu.com/it/u=2671101745,1413589787&fm=193&f=GIF"></p>\n<p><img src="https://t7.baidu.com/it/u=3927006314,3192929372&fm=193&f=GIF"></p>\n<p><img src="https://t7.baidu.com/it/u=3902551096,3717324701&fm=193&f=GIF"></p>\n<p><img src="https://t7.baidu.com/it/u=963301259,1982396977&fm=193&f=GIF"></p>\n<p><img src="https://t7.baidu.com/it/u=810585695,3039658333&fm=193&f=GIF"></p>\n<p><img src="https://t7.baidu.com/it/u=1492471725,655950677&fm=193&f=GIF"></p>\n<p><img src="https://t7.baidu.com/it/u=3876201379,2104650373&fm=193&f=GIF"></p>\n<p><img src="https://t7.baidu.com/it/u=433422559,1779762296&fm=193&f=GIF"></p>', 8, 'show'),
	('2022-10-18 00:20:46', '2022-10-18 16:22:39', 24, 'Markdown测试1', 'Markdown测试1', '<h3 id="_1">标题</h3>\n<ul>\n<li>列表1</li>\n<li>列表2</li>\n</ul>\n<p><strong>加粗</strong></p>\n<p><a href="https://blog.51cto.com/u_15249893/2848177">python测试开发django-56.模板渲染markdown语法+代码高亮</a></p>\n<h3 id="_2">标题测试测试</h3>\n<h4 id="_3">图片测试</h4>\n<p><img alt="" src="https://t7.baidu.com/it/u=3195384123,421318755&amp;fm=193&amp;f=GIF" /></p>\n<p><img src="https://github.com/bluseyu/imgbed/raw/main/mm_sexy_19.jpg" art="Github图" /></p>\n<h4 id="_4">链接测试</h4>\n<p><a href="https://blog.csdn.net/cainiao_python/article/details/121867460">Python神器！只需一行代码，纯文本秒变Markdown!</a></p>\n<h4 id="_5">列表测试</h4>\n<ul>\n<li>\n<p>111111</p>\n</li>\n<li>\n<p>1010101010</p>\n</li>\n<li>\n<p>2222222</p>\n</li>\n</ul>\n<h4 id="_6">代码测试</h4>\n<pre><code class="language-css">\n.card {\n\nmargin-top: 15px;\n\n}\n\n.card .media:not(:last-child) {\n\nmargin-bottom: 0.8rem;\n\n}\n\n.card .is-size-8 {\n\nfont-size: 0.9rem;\n\n}\n\n.card .card-image:first-child img {\n\nobject-fit: cover;\n\n}\n\n</code></pre>', 1, 'show'),
	('2022-10-18 00:25:37', '2022-10-18 09:58:47', 25, 'Python参考书籍', '学习Python，市面上的参考书多如牛毛，但真正有价值的，倍受称赞的，也只有少数。', '<blockquote>\n<p>学习Python，市面上的参考书多如牛毛，但真正有价值的，倍受称赞的，也只有少数。</p>\n</blockquote>\n<h3 id="_1">入门读物</h3>\n<ol>\n<li>《Python基础教程》（<em>Beginning Python From Novice to Professional</em>）</li>\n<li>《Python学习手册》（<em>Learning Python</em>）</li>\n<li>《Python编程》（<em>Programming Python</em>）</li>\n<li>《Python Cookbook》</li>\n<li>《Python程序设计》（<em>Python Programming: An Introduction to Computer Science</em>）</li>\n<li>《Modern Python Cookbook》</li>\n<li>《Python编程从入门到实践》（<em>Python Crash Course</em>）</li>\n</ol>\n<h3 id="_2">进阶读物</h3>\n<ol>\n<li>《Python核心编程》（<em>Core Python Applications Programming</em>）</li>\n<li>《流畅的Python》（<em>Fluent Python</em>）</li>\n<li>《Effective Python：编写高质量Python代码的59个有效方法》（<em>Effective Python 59 Specific Ways to Write Better Python</em>）</li>\n<li>《Python设计模式》（<em>Learning Python Design Patterns</em>）</li>\n<li>《Python高级编程》（<em>Expert Python Programming</em>）</li>\n<li>《Python性能分析与优化》（<em>Mastering Python High Performance</em>）</li>\n<li>《软件架构 - Python语言实现》（<em>Software Architecture with Python</em>）</li>\n</ol>\n<h3 id="_3">数据库相关</h3>\n<ul>\n<li>《MySQL必知必会》（<em>MySQL Crash Course</em>）</li>\n<li>《深入浅出MySQL - 数据库开发、优化与管理维护》</li>\n<li>《MongoDB权威指南》（<em>MongoDB: The Definitive Guide</em>）</li>\n<li>《Redis实战》（<em>Redis in Action</em>）</li>\n<li>《Redis开发与运维》</li>\n</ul>\n<h3 id="linux-shell-docker">Linux / Shell / Docker / 运维</h3>\n<ul>\n<li>《鸟哥的Linux私房菜》</li>\n<li>《Linux命令行与shell脚本编程大全》（<em>Linux Command Line and Shell Scripting Bible</em>）</li>\n<li>《Python自动化运维:技术与最佳实践》</li>\n<li>《第一本Docker书》（<em>The Docker Book</em>）</li>\n<li>《Docker经典实例》（Docker Cookbook）</li>\n</ul>\n<h3 id="web">Web框架</h3>\n<ol>\n<li>《Django基础教程》（<em>Tango with Django</em>）</li>\n<li>《轻量级Django》（<em>Lightweight Django</em>）</li>\n<li>《Python Web开发：测试驱动方法》（<em>Test-Driven Development with Python</em>）</li>\n<li>《Web Development with Django Cookbook》</li>\n<li>《Test-Driven Development with Django》</li>\n<li>《Django Project Blueprints 》</li>\n<li>《Two Scoops of Django: Best Practice of Django 1.8》</li>\n<li>《Flask Web开发：基于Python的Web应用开发实战》（<em>Flask Web Development: Developing Web Applications with Python</em>）</li>\n<li>《深入理解Flask》（<em>Mastering Flask</em>）</li>\n<li>《Introduction to Tornado》</li>\n</ol>\n<h3 id="_4">爬虫开发</h3>\n<ol>\n<li>《用Python写网络爬虫》（<em>Web Scraping with Python</em>）</li>\n<li>《精通Python爬虫框架Scrapy》（<em>Learning Scrapy</em>）</li>\n<li>《Python网络数据采集》（<em>Web Scraping with Python</em>）</li>\n<li>《Python爬虫开发与项目实战》</li>\n<li>《Python 3网络爬虫开发实战》</li>\n</ol>\n<h3 id="_5">数据分析</h3>\n<ol>\n<li>《利用Python进行数据分析》（<em>Python for Data Analysis</em>）</li>\n<li>《Python数据科学手册》（<em>Python Data Science Handbook</em>）</li>\n<li>《Python金融大数据分析》（<em>Python for Finance</em>）</li>\n<li>《Python数据可视化编程实战》（<em>Python Data Visualization Cookbook</em>）</li>\n<li>《Python数据处理》（<em>Data Wrangling with Python</em>）</li>\n</ol>\n<h3 id="_6">机器学习</h3>\n<ol>\n<li>《Python机器学习基础教程》（<em>Introduction to Machine Learning with Python</em>）</li>\n<li>《Python机器学习实践指南》（<em>Python Machine Learning Blueprints</em>）</li>\n<li>《Python Machine Learning Case Studies》</li>\n<li>《Python机器学习实践：测试驱动的开发方法》（<em>Thoughtful Machine Learning with Python A Test Driven Approach</em>）</li>\n<li>《Python机器学习经典实例》（<em>Python Machine Learning Cookbook</em>）</li>\n<li>《TensorFlow：实战Google深度学习框架》</li>\n</ol>\n<h3 id="_7">其他书籍</h3>\n<ul>\n<li>《Pro Git》</li>\n<li>《Selenium自动化测试 - 基于Python语言》（<em>Learning Selenium Testing Tools with Python</em>）</li>\n<li>《Selenium自动化测试之道》</li>\n<li>《Scrum敏捷软件开发》（<em>Software Development using Scrum</em>）</li>\n<li>《高效团队开发 - 工具与方法》</li>\n</ul>', 1, 'show'),
	('2022-10-18 09:07:54', '2022-10-18 09:46:38', 26, '48字执行真经', '为何无数人有伟大的梦想，却只有少数人成功？48字执行真经送给你', '<p><br></p>\n<blockquote>为何无数人有伟大的梦想，却只有少数人成功？因为大部分人都是只想不做或只说不做，<code>一盎司的行动胜过一吨梦想</code>，没有行动，没有执行力，梦想永远是空中楼阁。</blockquote>\n<h3>48字执行真经</h3>\n<ul><li><strong>决心第一，成败第二</strong></li><li><strong>速度第一，完美第二</strong></li><li><strong>结果第一，理由第二</strong></li><li><strong>认真第一，聪明第二</strong></li><li><strong>结果提前，自我退后</strong></li><li><strong>锁定目标，专注重复</strong></li></ul>\n<h4><br></h4>\n<h4>两大商业人格思维</h4>\n<ol><li>结果思维</li><li>百分百责任思维</li></ol>\n<h4><br></h4>\n<h4>决心第一，成败第二</h4>\n<p>为什么无数人有伟大的梦想，却只有少数人成功？</p>\n<p>因为大部分人都是成败第一，决心第二，没有十足成功的把握就行动，最后就导致你的结果都是很小的。</p>\n<p>海尔张瑞敏曾经形象的描述过，如果一件事情的成功概率只有20%，一定要多做，因为风险大的事情收益才会做大；成功概率只有50%的事情就要少做，因为这样的事情很多人都在做，收益不大；成功概率有80%的事情，千万别做，因为基本没什么收益，谁都会做。</p>\n<p>所以一个谁都可以达到的目标，为什么要你去实现，面对公司下达的业绩目标，一般人 第一反应都是这怎么可能完成，所以首先定决心，人唯一的障碍就是对目标的渴望程度，如果你足够渴望实现这个目标，把决心放在第一位，全力以赴，我相信获得的结果是完全不一样的，所谓“求其上，得其中；求其中，得其下。”</p>\n<p><img src="https://www.wiz.cn/xapp/ks/note/view/80dd40ba-0e6a-11e1-8d03-00237def97cc/772c3d5d-2a30-4915-aa0b-935fe1702383/index_files/f3d3572c11dfa9ec839e96893a2f2405938fc186.jpg"></p>\n<h5><br></h5>\n<h5>老板的生存思维：居安思危</h5>\n<p><strong>经济寒冬并不可怕，可怕的是我们没有看到危机，或者没有改变的决心。</strong></p>\n<ol><li>懂得反思：经济寒冬让老板看到了生存和发展的问题，调整战略。</li><li>困境见真情：经济寒冬让老板看清人心，找到事业的命运共同体。</li><li>缩减编制：经济寒冬让老板裁掉不必要的业务和员工，及时止损。</li><li>重视客户价值：经济寒冬让我关注用户需求和用户满意度。</li></ol>\n<p><strong>总结： 一个人的成就取决于危机感，以及改变的决心。</strong></p>\n<h4><br></h4>\n<h4>速度第一，完美第二</h4>\n<p><strong>要用“精益创业”的思维来做事情</strong></p>\n<p>在执行中，强调的是“速度第一，完美第二”。如果我们要让每件事都完美无缺，那么最好的办法就是不做。</p>\n<p>在执行中，任何事情都是在一个现实环境中进行的，怎么可能尽如人意？</p>\n<p>完美＝完蛋，追求完美就等于完蛋，我们在精益创业当中也给大家讲了一个新的产品发布或者战略创新一定要用精益创业的思维来执行，用最小可行性产品推向市场，看市场的反应，一个企业最大的失败，莫过于完美的执行了一个根本就没人要的方案，因为完美是自己想出来的，对客户来讲他是没有感觉的，这样根本就没人用你的东西。</p>\n<p>精益创业的解释，就是速度第一，完美第二，先做最小可行性产品推向市场，然后由市场反馈，不断迭代，逐步的追求完美。</p>\n<p><strong>总结</strong>：</p>\n<ul><li>想要低成本低风险创业，一定要用精益创业的思维：速度第一，完美第二。</li><li>追求完美的人不是商人，不是企业家，最多算是学者。</li></ul>\n<p><img src="https://www.wiz.cn/xapp/ks/note/view/80dd40ba-0e6a-11e1-8d03-00237def97cc/772c3d5d-2a30-4915-aa0b-935fe1702383/index_files/eaf81a4c510fd9f9a658d1dc7cd2072c2934a43a.jpg"></p>\n<h4><br></h4>\n<h4>结果第一，理由第二</h4>\n<p>当执行结束后，什么最重要？</p>\n<p>不管黑猫还是白猫，抓住老鼠的都是好猫。</p>\n<p>发展才是硬道理，实际上讲的是，不要看过程怎么样，要看结果是怎么样？ “结果第一，理由第二。”</p>\n<p>执行的层面上来讲要的就是结果。事情结束了，你有一千个伤心的理由都不重要，重要的是结果如何？</p>\n<p>如果结果有问题，那么你所有的理由都没有任何意义，因为客户不会为我们的理由买单。</p>\n<p>战略讲因果，执行讲果因，没有结果就没有原因。</p>\n<p>公司要建立结果文化，这是企业要去坚持的文化标准。</p>\n<ul><li>结果是衡量我们做事情的标准，从结果倒推原因，一定能找到问题发生的根本，也是判断一件事情对与错的标准。</li><li>真正有效的开会方式是果因逻辑，用真正有效的事实和数据说话。</li></ul>\n<p><strong>总结</strong>：</p>\n<ul><li>建立结果文化，从结果倒推原因，找到改变的契机。</li></ul>\n<p><img src="https://www.wiz.cn/xapp/ks/note/view/80dd40ba-0e6a-11e1-8d03-00237def97cc/772c3d5d-2a30-4915-aa0b-935fe1702383/index_files/9a504fc2d562853538ab9ffbcf10a5c0a5ef63a3.jpg"></p>\n<h4><br></h4>\n<h4>认真第一，聪明第二</h4>\n<p>为什么几乎所有名牌,在创牌的时候质量一流,但几年之后就大不如前呢?</p>\n<p>为什么同样的零部件,我们总觉得在中国组装的车要比国外装的差了很多呢?</p>\n<p>是技术问题吗?当然不是,是认真问题。</p>\n<p>所以,在中国企业中,执行问题的核心是文化问题,而文化问题的核心是认真问题,“怕就怕认真二字”!</p>\n<p>我建议那些有志于塑造世界一流执行力的中国企业,首先要在执行文化中,明确地提出一个口号:“认真第一,聪明第二。”</p>\n<p>我们要明确一点,一个事情要想真正做好,支撑你的不是得失,而是内心的一种责任感,一种对待事情是否认真的信念。</p>\n<p>同样,衡量一个人是否有执行能力,最重要的标准就是看他愿不愿意认真负责任。</p>', 4, 'show'),
	('2022-10-18 10:08:01', '2022-10-18 10:18:37', 27, ' 编写高质量Python代码', '要写出高质量代码，我们就需要掌握一些更加细化、更加能落地地编程方法论这就包含面向对象设计思想、设计原则、设计模式、编码规范、重构技巧等等。', '<div class="toc">\n<ul>\n<li><a href="#_1">编写高质量代码的建议</a><ul>\n<li><a href="#pythonic">编写 Pythonic 代码</a></li>\n<li><a href="#python-c">理解 Python 与 C 语言的不同之处</a></li>\n<li><a href="#_2">在代码中适当添加注释</a></li>\n<li><a href="#_3">通过适当添加空行使代码布局更优雅、合理</a></li>\n<li><a href="#4">编写函数的4个原则</a></li>\n<li><a href="#_4">将常量集中到一个文件</a></li>\n</ul>\n</li>\n</ul>\n</div>\n<h3 id="_1">编写高质量代码的建议</h3>\n<blockquote>\n<p>要写出高质量代码，我们就需要掌握一些更加细化、更加能落地地编程方法论这就包含面向对象设计思想、设计原则、设计模式、编码规范、重构技巧等等。</p>\n</blockquote>\n<h4 id="pythonic">编写 <code>Pythonic</code> 代码</h4>\n<ol>\n<li>\n<p><strong>避免劣质代码</strong></p>\n</li>\n<li>\n<p>1）<strong>避免只用大小写来区分不同的对象</strong></p>\n</li>\n<li>2）<strong>避免使用容易引起混淆的名称</strong>，包括：<ul>\n<li>重复使用已经存在于上下文中的变量名表示不同的类型</li>\n<li>误用内建名称来表示其他含义，使之在当前命名空间被屏蔽</li>\n<li>在没有构建新的数据类型的情况下，使用类似<code>element</code> 、<code>list</code> 、 <code>dict</code>等作为变量名</li>\n<li>使用o（字母O的小写，容易与数值0混淆）、l（字母L的小写，容易与数值1混淆）等作为变量名</li>\n<li>★ 推荐变量名与所要解决的问题域一致，如下：</li>\n</ul>\n</li>\n</ol>\n<pre class="codehilite"><code class="language-python"># 不好的命名\ndef funA(list, num):\n    for element in list:\n        if num == element:\n            return True\n        else:\n            pass\n\n# 好的命名\ndef find_num(searchList, num):\n    for listValue in searchList:\n        if num == listValue:\n            return True\n        else:\n            pass\n</code></pre>\n\n<ul>\n<li>3）<strong>不要害怕过长的变量名</strong>：为了程序的易读性，有时候长变量名是必要的。如下：</li>\n</ul>\n<pre class="codehilite"><code class="language-python">person_info = {\n    \'name\': \'Jon\',\n    \'IDCard\': \'200304\',\n    \'address\': \'Num203, Monday Road\',\n    \'email\': \'test@gmail.com\'\n}\n</code></pre>\n\n<p>这是一个用来保存用户信息的字典结构，变量名 <code>person_info</code> 比 <code>pi</code> 的可读性强多了。</p>\n<ol>\n<li>深入认识 <code>Python</code> 有助于编写 <code>Pythonic</code> 代码</li>\n<li>使用工具 <code>PEP8</code>\n安装 <code>PEP8</code> 后，可以使用 <code>--show-source</code> 参数让 <code>PEP8</code> 显示每一个错误和警告对应的代码。 如下：</li>\n</ol>\n<pre class="codehilite"><code class="language-shell">$ pep8 --show-source --show-pep8 test/abc.py\n</code></pre>\n\n<p>检查文件夹内所有文件（一个项目）的代码质量，如下：</p>\n<pre class="codehilite"><code class="language-shell">$ pep8 --statistics --qq Myobj/Blog\n</code></pre>\n\n<h4 id="python-c">理解 <code>Python</code> 与 C 语言的不同之处</h4>\n<ol>\n<li>缩进与<code>{}</code>\nC、C++等语言用 <code>{}</code> 来分隔代码块，Python 中使用严格的代码缩进方式分隔代码块，空格或Tab键对于 Python 解释器而言，它们直接关乎代码的语法和逻辑。\n严格的缩进能使代码更加规规范、整齐，可读性和可维护性都更高。\n养成良好的习惯，通过一缩进风格，不要混用Tab键和空格。</li>\n<li><code>\'</code> 与  <code>"</code>\nC语言中单引号和双引号有严格的区别，单引号表示一个字符，而双引号则表示字符串。但在 Python 中，单引号与双引号没有明显的区别，仅在输入字符串内容不同时，有微小差距。</li>\n</ol>\n<pre class="codehilite"><code class="language-python">string1 = &quot;He said, \\&quot;Hello\\&quot;&quot;  # 字符串中的双引号需要转义\n\nstring2 = \'He said, &quot;Hello&quot;\'    # 字符串中的双引号不需要转义\n</code></pre>\n\n<ol>\n<li>三元操作符 <code>?:</code>\n三元操作符是 if…else 的简写方法，语法形式为 <code>C ? X : Y</code>，它表示当条件 C 为 <code>True</code> 时取值 X，为 <code>False</code> 时取值 Y。</li>\n<li><code>swich…case</code>\nPython 中没有像 C 语言那样的 <code>swich…case</code> 分支语句，不过，Python中有很多替代的解决方案。假设用 C 语言实现 <code>swich…case</code>语句如下：</li>\n</ol>\n<pre class="codehilite"><code class="language-C">swich(n) {\n    case 0:\n        printf(&quot;You typed zero.\\n&quot;);\n        break;\n    case 1:\n        printf(&quot;You are in top.\\n&quot;);\n        break;\n    case 2:\n        printf(&quot;n is an even number\\n&quot;);\n    default:\n        printf(&quot;Only single-digit numbers are allowed\\n&quot;);\n        break;\n}\n</code></pre>\n\n<p>Python 对应的实现方法：</p>\n<pre class="codehilite"><code class="language-Python"># 用 if…elif…else 来实现\nif n == 0：\n    print(&quot;You typed zero.\\n&quot;)\nelif n == 1:\n    print(&quot;You are in top.\\n&quot;);\nelif n == 2:\n    print(&quot;n is an even number\\n&quot;);\nelse:\n    print(&quot;Only single-digit numbers are allowed\\n&quot;);\n\n# 使用跳转来实现\ndef f(x):\n    return {\n        0: &quot;You typed zero.\\n&quot;,\n        1: &quot;You are in top.\\n&quot;,\n        2: &quot;n is an even number\\n&quot;,\n        }.get(n, &quot;Only single-digit numbers are allowed\\n&quot;)\n</code></pre>\n\n<p>要舍得放弃具有自我风格的代码，尽量遵循代码的编码规范和风格。</p>\n<h4 id="_2">在代码中适当添加注释</h4>\n<p>Python 中有3种形式的代码注释：块注释、行注释及文档注释（docstring），用法如下：</p>\n<ol>\n<li>使用块或行注释时，仅注释那些复杂的操作、算法，还有别人可能难以理解的技巧或者不能一目了然的代码。</li>\n<li>注释和代码要隔开一定的距离，同事在块注释之后最好多留几行空白再写代码。下面两行代码显然第一行可读性更好：</li>\n</ol>\n<pre class="codehilite"><code class="language-python">x = x + 1           # increace x by 1\nx = x + 1  # increace x by 1\n</code></pre>\n\n<ol>\n<li>给外部可访问的函数和方法（无论是否简单）添加文档注释。注释要清楚地描述方法的功能，并对参数、返回值以及可能发生的异常进行说明，使得外部调用它的人员仅仅看文档注释（docstring）就能正确使用。较为复杂的内部方法也要注释。推荐的注释函数如下：</li>\n</ol>\n<pre class="codehilite"><code class="language-python">def FuncName(parameter1, parameter2):\n    &quot;&quot;&quot; Describe what this function does.\n        # such as &quot;Find whether the special string is in the queue or not&quot;\n        Args:\n            parameter1: parameter type, what is this parameter used for.\n                        # such as strqueue:string, string queue list for search\n            parameter2: parameter type, what is this parameter used for.\n                        # such as str:string, string to find Returns:\n            return type, return value.\n            # such as boolean, sepcial string found return True,else return False\n    &quot;&quot;&quot;\n\n    function body\n    ……\n    ……\n</code></pre>\n\n<ol>\n<li>推荐在文件头中包含 copyright 申明、模块描述等，如有必要，可以考虑加入作者信息及变更记录</li>\n</ol>\n<pre class="codehilite"><code class="language-python">&quot;&quot;&quot;\n    Licensed Materials - Property of CorpA\n    (C) Copyright A Corp. 1999-2021 All Rights Reserved\n    CopyRight statement and purpose...\n--------------------------------------------------------------\nFile Name  : comments.py\nDescriptionff: description what the main function fo this file\n\nAuthor: Author name\n--------------------------------------------------------------\n&quot;&quot;&quot;\n</code></pre>\n\n<p>注释直接关系到代码的可读性和可维护性，同时还能帮助发现错误的藏身之处。因为代码时说明你怎么做的，而好的注释能够说清楚你想做什么，它们相辅相成。</p>\n<h4 id="_3">通过适当添加空行使代码布局更优雅、合理</h4>\n<ul>\n<li>空格的使用</li>\n<li>二元运算符的左右两边应该有空格，如 x == 1</li>\n<li>逗号和分号前不要使用空格\n  推荐    ：<code>if x == 4: print(x, y; x, y = y, x)</code>\n  不推荐：<code>if x == 4: print(x , y ; x , y = y , x)</code></li>\n<li>函数名和左括号之间、序列索引操作时序列名和[ ]之间不要空格，函数的默认参数两侧不需要空格</li>\n<li>强调前面的操作符的时候使用空格，如</li>\n</ul>\n<h4 id="4">编写函数的4个原则</h4>\n<ul>\n<li>\n<p>原则1 ：<strong>函数设计要尽量短小，嵌套层次不宜过深</strong>。\n函数中需要用到if、elif、while、for 等循环语句的地方，尽量不要嵌套过深，最好能控制在 3 层以内。</p>\n</li>\n<li>\n<p>原则2：<strong>函数申明应该做到合理、简单、易于使用</strong>。\n除了函数名能够正确反映其大体功能外，参数的设计也应该简洁明了，参数个数不宜太多。函数参数设计最好经过深思熟虑。</p>\n</li>\n<li>\n<p>原则3：<strong>函数参数设计应该考虑向下兼容</strong>。在函数设计过程中除了着眼当前的需求还要考虑向下兼容（后续扩展）。如：</p>\n</li>\n</ul>\n<pre class="codehilite"><code class="language-python">&gt;&gt;&gt; def readfile(filename):\n        print(\'file read completed\')\n\n&gt;&gt;&gt; readfile(&quot;test.txt&quot;)\nfile read completed\n\n&gt;&gt;&gt; import logging\n&gt;&gt;&gt; \n&gt;&gt;&gt; def readfile(filename, logger):\n        print(\'file read completed\')\n&gt;&gt;&gt; readfile(&quot;test.txt&quot;)\nTraceback (most recent call last):\n    File &quot;&lt;stdin&gt;&quot;, line 1, in &lt;module&gt;\nTypeError: readfile() takes exactly 2 arguments (1 given)\n</code></pre>\n\n<p>上面的代码是相同函数不同版本的实现，唯一不同的是在更高级的版本中加入了日志处理，但这样的变动却导致程序中函数调用的借口发生了变化。这并不是最佳设计，更好的方法是通过加入默认参数来避免这种退化，做到向下兼容。上例可以将第一行代码修改为：</p>\n<pre class="codehilite"><code class="language-python">def readfile(filename, logger=logger.info):\n</code></pre>\n\n<ul>\n<li>原则4：<strong>一个函数只做一件事</strong>，尽量保证函数语句粒度的一致性。\n要保证一个函数只做一件事，就要尽量保证抽象层级的一致性，所有的语句尽量在一个粒度上。同时在一个函数中处理多个事情也不利于代码的重用，可以看下面的例子（修改前与修改后）：</li>\n</ul>\n<p>修改前的代码：</p>\n<pre class="codehilite"><code class="language-python">&quot;&quot;&quot; 修改前\n    问题：1）参数过多。\n         2）一个函数处有3个任务：获取网页内容、查找制定网页内容、发送邮件。\n         3）语句不在一个粒度上：既有 http.getfile()这样较高抽象的语句，\n            也有细粒度的字符处理语句\n&quot;&quot;&quot;\n\ndef SendContent(ServerAdr, PagePath, StartLine, EndLine, sender,\n                receiver, smtpserver, username, passord):\n    http = httplib.HTTP(ServerAdr)\n    http.putrequest(\'GET\', PagePath)\n    http.putrequest(\'Accept\', \'text/html\')\n    http.putrequest(\'Accept\', \'text/plain\')\n    http.endheaders()\n\n    httpode, httpmsg, headers = http.getreply()\n\n    if httpcode != 200:raise &quot;Could not get document: Check URL and Path.&quot;\n    doc = http.getfile()\n    data = doc.read()\n    doc.close()\n    lstr = data.splitlines()\n    j = 0\n    for i in lstr:\n        j = j + 1\n        if i.strip() == StartLine: slice_start = j      # find slice start\n        elif i.strip() == EndLine: slice_end = j        # find slice end\n        subject = &quot;Contented get from the web&quot;\n        msg = MIMEText(string.join(lstr[slice_start:slice_end]), \'plain\', \'utf-8\')\n        msg[\'Subject\'] = Header(subject, \'utf-8\')\n        smtp = smtplib.SMTP()\n        smtp.connect(smtpserver)\n        smtp.login(username, password)\n        smtp.sendmail(sender, receiver, msg.as_string())\n        smtp.quit()\n</code></pre>\n\n<p>修改后：</p>\n<pre class="codehilite"><code class="language-python">&quot;&quot;&quot; 修改后\n    方法：拆成三个函数，一个函数处理一件事。\n&quot;&quot;&quot;\n# 获取网页内容\ndef GetContent(ServerAdr, PagePath):\n    http = httplib.HTTP(ServerAdr)\n    http.putrequest(\'GET\', PagePath)\n    http.putrequest(\'Accept\', \'text/html\')\n    http.putrequest(\'Accept\', \'text/plain\')\n    http.endheaders()\n\n    httpode, httpmsg, headers = http.getreply()\n\n    if httpcode != 200:\n        raise &quot;Could not get document: Check URL and Path.&quot;\n\n    doc = http.getfile()\n    data = doc.read()\n    doc.close()\n\n    return data\n\n# 查找指定网页内容\ndef ExtractData():\n    lstr = data.splitlines()\n    j = 0\n    for i in lstr:\n        j = j + 1\n        if i.strip() == StartLine: slice_start = j      # find slice start\n        elif i.strip() == EndLine: slice_end = j        # find slice end\n    return lstr[slice_start:slice_end]\n\n# 发送邮件\ndef SendEmail(sender,receiver,smtpserver,username,password,content):\n        subject = &quot;Contented get from the web&quot;\n        msg = MIMEText(content, \'plain\', \'utf-8\')\n        msg[\'Subject\'] = Header(subject, \'utf-8\')\n        smtp = smtplib.SMTP()\n        smtp.connect(smtpserver)\n        smtp.login(username, password)\n        smtp.sendmail(sender, receiver, msg.as_string())\n        smtp.quit()\n</code></pre>\n\n<ul>\n<li>\n<p>其他好习惯：</p>\n</li>\n<li>\n<p>不要在函数中定义可变对象作为默认值，</p>\n</li>\n<li>使用异常替换返回错误，</li>\n<li>保证通过单元测试</li>\n<li>……</li>\n</ul>\n<h4 id="_4">将常量集中到一个文件</h4>\n<p>如何在 Python 中使用常量呢？一般来说有两种方式：</p>\n<ul>\n<li>通过命名风格来提醒使用者该变量代表的意义为常量，如常量名所有字母大写，用下划线连接各个单词，如 MAX_OVERFLOW  TOTAL。然而这种方式并没有实现真正的常量，其对应的值仍然可以修改，这只是一种约定俗成的风格。</li>\n<li>通过自定义的类实现常量功能。这要求符合“命名全部为大写”和“值一旦绑定就不可再修改”这两个条件。如果命名不合规范或值被修改，则抛出异常。</li>\n</ul>\n<p>采用第二种方式实现的常量可以这么做：将存放常量的文件命名为 constant.py，并在其中定义一系列常量。</p>\n<pre class="codehilite"><code class="language-python">class _const:\n    class ConstError(TypeError): pass\n    class ConstCaseError(ConstError): pass\n\n    def __setattr__(self, name, value):\n        # 如果常量名的值被修改，则抛出异常\n        if self.__dict__.has_key(name):\n            raise self.ConstError, &quot;Can\'t change . %s&quot; % name\n        # 如果常量名不是大写字母，则抛出异常\n        if not name.isupper():\n            raise self.ConstCaseError, \\\n                f\'const name {name} is not all uppercase\'\n        self.__dict__[name] = value\n\nimport sys\nsys.modules[__name__] = _const()\n\nimport const\n# 命名常量及赋值\nconst.MY_CONSTANT = 1\nconst.MY_SECOND_CONSTANT = 2\ncons.MY_THIRD_CONSTANT = \'a\'\ncons.MY_FORTH_CONSTANT = \'b\'\n</code></pre>\n\n<p>当在其他模块中引用这些常量时，按照如下方式进行即可：</p>\n<pre class="codehilite"><code class="language-python">from constant import const\nprint(const.MY_SECOND_CONSTANT)\nprint(const.MY_THIRD_CONSTANT*2)\nprint(const.MY_FORTH_CONSTANT+\'5\')\n</code></pre>', 1, 'show'),
	('2022-10-18 15:31:11', '2022-10-18 15:31:11', 28, '最重要的事，永远只有一件', '那些成功人士之所以成功，就是因为他们比非成功人士做对了一件事：永远只在最重要的事情上花费时间和精力。', '<p>《商业经典》专栏·第17篇\n责任编辑 | 子墨\n第  5088  篇深度好文：4621 字 | 9 分钟阅读</p>\n<blockquote>\n<p>那些成功人士之所以成功，就是因为他们比非成功人士做对了一件事：永远只在最重要的事情上花费时间和精力。\n但很多时候，我们忙忙碌碌，却忘了最重要的事情。这也注定了我们无法触摸成功。\n不过，这并不代表我们永远不能成功。只要，我们能够找到那件最重要的事，并一心一意做到底。</p>\n</blockquote>\n<p>重要的事有很多，但最重要的事永远只有一件。就如成功，它总是逐步获得的，我们只能一步一个脚印，一次做好一件事。</p>\n<p>“那么，这件事到底是什么呢？”</p>\n<p>“你必须自己找到它。事事都有轻重缓急，你必须从中找出最重要的那件事，这样你的目标和行动之间就有了更紧密的联系。”</p>\n<h3 id="_1">一、聚焦目标，专注于一处，</h3>\n<p>才能合力出击直奔成功</p>\n<p>聚焦目标，是成功最关键的一步。</p>\n<p>最关键的目标就是多米诺骨牌阵里的第一张牌。而追求卓越、走向成功的方法就是在你的人生中制造出多米诺效应。</p>\n<p>我们知道，推倒多米诺骨牌相对简单，垒好骨牌后轻推第一块就行了。不可忽略的是，只有将多米诺骨牌摆放正确，才会产生连锁反应，进而让生活踏浪前行，不断发展。</p>\n<p>但现实中的事却麻烦多多，它们可不会按顺序排好，还告诉你“从这里开始发力”。所以，那个最关键的目标，就成了重中之重。</p>\n<p>真正的成功人士深知这一点，所以他们每天都会为当天要处理的事情排好优先次序，因为完成最紧要的事就像推倒第一块多米诺骨牌，接着剩下的问题都会迎刃而解。</p>\n<p>这意味着，我们必须找到关键目标，并且聚焦关键目标，进而也就意味着你要摆脱所有可以做但不是必须做的事，专注于你应该做的事。</p>\n<p>但大部分人却不以为然，他们认为成大事必须耗时，必经波折，结果他们将计划安排得非常满，日程紧张，却离成功却越来越远。</p>\n<p>“聪明人”常犯的一个错误就是，总以为自己学习能力强，进步速度快，就一次定下许多目标。由于天资原因，他们可能在每个方面都表现尚可，每件事也都做得不错，但是，这也注定他们难以造就自己的核心竞争力。靠近成功，就更别提了。</p>\n<p>想要成功，想要有所建树，最应该缩小的是目标。所谓成功，其实就是尽量缩小目标，专注于一处。</p>\n<p>每个人的时间精力都是有限的，千万别想面面俱到。一心一意很重要，下定目标，就勇往直前。</p>\n<h3 id="5">二、杀死那5个阻止我们</h3>\n<p>聚焦关键目标的谎言</p>\n<p>世界变化太快。快得令人眩晕。</p>\n<p>我们被催促着，被驱赶着。我们花太多精力去做不同的尝试，花太多的时间去感受不一样。然而，得到的回报却与之相反。</p>\n<p>贪大求全，注定成不了事儿。</p>\n<p>是的，似乎没有人不知道。</p>\n<p>但是，这世界又极具诱惑力。带着虚伪面具的谎言，总是故意阻碍我们去聚焦关键目标，总是在我们通往最重要那件事的道路上迷惑我们。</p>\n<p>不是我们意志力薄弱，而是我们没有识破这张虚伪的面具。不想被骗，不想离既定目标越来越远，那就看清面具背后那些谎言的真面目，竭尽全力避开它。</p>\n<p>接下来，我们就一起来看看我们到底要避开哪些谎言吧。</p>\n<h4 id="1">1. 每件事都很重要</h4>\n<p>生而为人，必须勤劳。但是，仅有勤劳是不够的，蚂蚁也是勤劳的。要看你为什么而忙。</p>\n<p>事无巨细地接手一百件事，倒还不如只挑其中最重要的一件用心去做好。有句话是这么说的，事无巨细，其实是在偷懒。</p>\n<p>工作生活中大部分的待办清单其实是“存活清单”，复杂冗长，只能帮我们应付日子，对迈向成功毫无帮助。花大把时间检查清单处理情况、追求整洁的办公桌和塞满的垃圾桶带来的成就感其实对于获得成功毫无裨益。</p>\n<p>相比这样的清单，我们更需要一个短小精悍的“成功清单”，上面所有的内容都围绕着我们的终极目标。</p>\n<p>如果获得成功不是建立清单的前提，那么它也不会是结果。如果一个清单的内容事无巨细，那么最重要的事很可能会被淹没其中。</p>\n<p>事实上，无论待办事项有多少，我们都可以将其精减至一项。因为，真正重要的事情，永远只有一件。将这个概念真正内化，也就获取了成功的通关密码。</p>\n<p>找出真正属于我们的20%，继续在这20%里缩小范围，再从中找出20%，直到你找到最重要的那一件事！找出关键中的关键。</p>\n<p>我们如何才能避开“每件事都很重要”的大坑呢？针对我们刚刚谈到的现象与真相，以下4个方法可以参考。</p>\n<h5 id="1_1">① 缩减</h5>\n<p>不要纠缠在烦乱的忙碌之中，要执着于效率。你每天的工作都应围绕着终极目标而展开。</p>\n<p>想要赚钱，就专注于赚钱这件事；想要技艺精湛，就专注于锤炼技术；向往博学，那就专注于阅读学习；志于奉献社会，就专注于发光发热。</p>\n<h5 id="2">② 极致</h5>\n<p>一旦意识到什么是重要的，就要继续追问更重要的是什么，直到找到那件最重要的事。将主要精力放在“成功清单”的第一项上。</p>\n<p>其他项也很重要，但它们不是最重要的，即便没有为之花费什么时间精力也不会给我们带来什么损失。可是，如果没有花费时间到“成功清单”的第一项上，我们面对的，可能就是失败。</p>\n<h5 id="3">③ 拒绝</h5>\n<p>工作中，突然事件总会到访，遇到一天来几次“突然”的时候，这一天也就废掉了。重要的是，废掉我们一天的这些“突然”，对我们自身并没有什么益处，对我们达到既定目标的过程也毫无帮助。</p>\n<p>遇到这种情况怎么办呢？为重要不紧急的事（关键事项）腾出时间，对其他事情暂时说“不”，或者拖延一阵。</p>\n<p><img alt="" src="https://www.wiz.cn/xapp/ks/note/view/80dd40ba-0e6a-11e1-8d03-00237def97cc/990fc757-d952-43d9-997d-dc837422e855/index_files/640_7.png" /></p>\n<h5 id="4">④ 别掉进“待处理事项”的陷阱</h5>\n<p>“待处理事项”就像一个陷阱，不彻底解决，只会越陷越深。对此，我给出的建议是：区别对待每件事，而且要真正做到。</p>\n<p>千万不要认为所有的事情都需要做完才行，也不要相信“要成功就得完成所有目标”这样的观点。</p>\n<p>别掉进“待处理事项”的陷阱，划掉清单上的琐事绝不能助你成功。每件事都不同，选择最重要的事才会有所裨益。</p>\n<p>别忘了，检查下你的清单到底是“待处理式”的还是“成功式”的。</p>\n<h4 id="2_1">2. 同时处理多件事</h4>\n<p>同时兼顾几件事真是一个美好的谎言。</p>\n<p>调查研究显示，员工每11分钟就被打断一次，每天有1/3的时间花在从干扰中恢复的过程上。即便如此，我们仍然得在规定时间内完成任务。</p>\n<p>我们自诩为多面手，实际上是在拆东墙补西墙。听起来真是讽刺啊。</p>\n<p>新的想法从产生到注意力转移需要14秒。这说明，切换任务是要消耗成本的。</p>\n<p>研究人员戴维·迈耶称：“多耗费的时间视任务的难易程度而定，就简单任务而言，时间成本小于等于25%，而复杂任务的成本则高达100%或以上。”</p>\n<p>饭要一口一口吃，话要一句一句说，事也要一件一件做。太贪心的人，往往也最容易失望。</p>\n<p>当然，不是说同时做两件事是不可能的，但同时专注于两件事的确是行不通的。</p>\n<h4 id="3_1">3. 有规律地生活</h4>\n<p>人们普遍相信成功人士是“自律之人”，他们都过着“规律的生活”。</p>\n<p>很不幸，这又是一个谎言。</p>\n<p>即便长期自律，也抵不过习惯的力量。当一件事处于将要完成的状态，而我们又精疲力尽的时候，时常会告诉自己，“再坚持一下”。其实，我们需要的不是坚持，而是习惯，必须将事情完成的习惯。</p>\n<p>而要养成习惯，往往需要自律。有意识的自律代表我们有固定的训练方向，训练时间足够长就变成了理性规律，即习惯。</p>\n<p>所以，“自律”的人平时会训练自己养成好习惯。他们看起来是“规律”的，但其实不是，没有人是“规律”的。</p>\n<p>自律不是获得成功的必要条件。因为获得成功只需要你去做对的事，而不是做对每件事。所以，我们无须方方面面都自律，只要挑选最有用的那件事，坚持下去就可以了。</p>\n<p>幸运的是，自律虽漫长，习惯虽难以形成，但都只是在训练的开始阶段。时间一长，保持习惯就不吃力了。</p>\n<p>那么需要多长时间，自律才能变成习惯呢？这里的习惯是指一个已经变得根深蒂固而你毫无觉察的行为。</p>\n<p>伦敦大学的调查结果为我们提供了一个明确的答案。</p>\n<p>2009年，他们开展了一项调查提问：“养成一个习惯需要多长时间？”</p>\n<p>当参与者通过了95%的能量曲线且继续某个动作时不再费力，就可以被称为“习惯成自然”了。研究人员要求学生进行锻炼或者控制饮食，并记录下这个过程。</p>\n<p>调查结果显示，养成一个习惯平均需要66天。被测数据实际为最少18天、最多254天，但66天就可以达到一个完美的平衡——较简单的习惯耗时较短，较困难的习惯耗时较长。</p>\n<p>自助小组通常鼓励人们21天完成一次转变，但现代科学研究表明这是不现实的。</p>\n<p>超级成功人士也不是超人，他们只是有选择性地努力养成了多个好习惯，一次只培养一个，循序渐进。</p>\n<h4 id="4_1">4. 缺乏意志力</h4>\n<blockquote>\n<p>古希腊神话中的奥德赛明白意志力是靠不住的，所以当船驶经塞壬女妖的魅惑之地时，他让船员把他绑在了桅杆上。\n——帕特里夏·科恩</p>\n</blockquote>\n<p>研究证明，意志力是一种需要较长时间来恢复韧性的精神肌肉。当我们在一件事上用的意志力太多，不等它恢复就投入下一件事，表现就不会令人满意。想表现得更好，就得给大脑补充养料，来点儿“精神食粮”。</p>\n<p>我们可以吃一些能缓慢升高血糖含量的食物，如碳水化合物、蛋白质等。正所谓“吃什么补什么”。</p>\n<p>意志力作为有限的资源，我们必须有意识地进行储备。如果不能将其用在最重要的事情上，也不能及时为它充电，就会“成功难，成功难，难于上青天。”</p>\n<p>那如何管理我们的意志力呢？时机是最重要的。</p>\n<p>我们要保证在做最重要的事时意志力满格，最好别让分心的事在这时找上门。剩下的时间还需巩固成果，防止外界因素的破坏。</p>\n<p>如果想让一天的收获达到峰值，那么就在意志力消亡之前向目标冲刺。就像长时间不吃不喝能量会逐渐削弱一样，自制力也总随着时间的流动而衰竭，趁它还在时应赶紧着手做最重要的事。</p>\n<p>以下几个建议可以参考一下：</p>\n<p>第一，别让你的意志力太分散。珍惜每天有限的意志力，找出最重要的事再充分利用。</p>\n<p>第二，注意饮食。若要意志力满格，首先要保证能量满格，别因为大脑供能不足就妥协。健康饮食，规律进餐。</p>\n<p>第三，安排任务处理时间。在每天意志力最强的时候做最重要的事。意志力越强，成功越有保障。</p>\n<p>记住，不要和意志力作对。你应该根据它的习惯安排你的生活，而不是反其道而行之。意志力也许不是触手可及的，但当你把它用在紧要的事上时，它就是值得信赖的。</p>\n<h4 id="5_1">5. 试图平衡生活的各个方面</h4>\n<p>非凡的成就往往是在与时间的斗智斗勇中实现的。</p>\n<p>你若在工作和生活中都摆出较高的姿态，要求颇多，就会让人十分崩溃，那时我们更会哀号：“我没有自己的生活！”</p>\n<p>但是，取得事业成功的制胜法宝就是时间上的无比专注和钻研，跟加班时间没有必然关系。</p>\n<p>想要取得非凡的成就，就必须在繁杂事物中去粗取精，选择最重要的事情、并为之付出足够的时间。</p>\n<p>生活是一个寻找平衡的过程，但它永远不会平衡。所谓平衡，实际上涉及到的是优先顺序。所以与其说我们在寻找平衡，不如说在选择事情的优先排序。</p>\n<p>为重要的事情不懈努力的时候，所谓的平衡自然会被打破。但是没办法，想获得成功，打破平衡是不可避免的，长期处于失衡状态也是不可避免的。</p>\n<p>生活就像走钢丝，如果搞混了轻重缓急，生活也就一团糟。工作也一样。</p>\n<p>还想着试图平衡生活与工作的各个方面吗？还是别白费力气了。有这时间精力，不如投资在最重要的是事情上，效果最佳。</p>\n<h3 id="_2">三、结语：</h3>\n<p>只做一件事，你做好决定了吗？</p>\n<p>成就卓越的秘诀就是提出一个大而具体的问题，再给出细微的、紧凑而专注的回答，并且立即行动，坚持行动。</p>\n<p>要想在工作中获得成功，有所成就，那就坚持专注做好那件最重要的事。</p>\n<p>记住，如果想每件事都面面俱到，那么你可能会一无所获。但如果你只专注于那件最重要的事、一件正确恰当的事，那么你将拥有你想要的幸福人生。当然，成功也会紧随其后。</p>\n<p>但，道理易讲，实践弥难。</p>\n<p>你，做好决定了吗？</p>', 4, 'show'),
	('2022-10-19 08:40:23', '2022-10-19 10:50:41', 29, '一大波美图来袭： “乳”此动人', '一大波美图来袭，来势“胸胸”， “乳”此动人，让人“色色”发抖，就问你怕不怕……', '<p><br /></p>\n<blockquote>\n<p>一大波美图来袭，来势“胸胸”， “乳”此动人，让人“色色”发抖，就问你怕不怕……</p>\n</blockquote>\n\n<p>\n<img src="https://gimg2.baidu.com/image_search/src=http%3A%2F%2Fhuizhong66.net%2FUploadFiles%2FFCK%2F2016-12%2F6361618545053028097856951.jpg&refer=http%3A%2F%2Fhuizhong66.net&app=2002&size=f9999,10000&q=a80&n=0&g=0n&fmt=auto?sec=1668739526&t=d03be7a13e34ed5303a1a841f4a4663c" width="90%" art="发图专用" />\n</p>\n\n<h4 id="_1">来势“胸胸”，“乳”此动人</h4>\n<p><img alt="" src="https://github.com/bluseyu/imgbed/raw/master/mm_sexy_14.jpg" />\n<img alt="" src="https://github.com/bluseyu/imgbed/raw/master/mm_sexy_16.jpg" />\n<img alt="" src="https://github.com/bluseyu/imgbed/raw/master/mm_sexy_17.jpg" />\n<img alt="" src="https://github.com/bluseyu/imgbed/raw/master/mm_sexy_17.png" />\n<img alt="" src="https://github.com/bluseyu/imgbed/raw/master/mm_sexy_21.jpg" />\n<img alt="" src="https://github.com/bluseyu/imgbed/raw/master/mm_sexy_31.jpg" />\n<img alt="" src="https://github.com/bluseyu/imgbed/raw/master/mm_sexy_32.jpg" />\n<img alt="" src="https://github.com/bluseyu/imgbed/raw/master/mm_sexy_34.jpg" />\n<img alt="" src="https://github.com/bluseyu/imgbed/raw/master/mm_sexy_35.jpg" />\n<img alt="" src="https://github.com/bluseyu/imgbed/raw/master/mm_sexy_36.jpg" />\n<img alt="" src="https://github.com/bluseyu/imgbed/raw/master/mm_sexy_37.jpg" />\n<img alt="" src="https://github.com/bluseyu/imgbed/raw/master/mm_sexy_38.jpg" />\n<img alt="" src="https://github.com/bluseyu/imgbed/raw/master/mm_sexy_40.png" />\n<img alt="" src="https://github.com/bluseyu/imgbed/raw/master/mm_sexy_41.jpg" />\n<img alt="" src="https://github.com/bluseyu/imgbed/raw/master/mm_sexy_42.png" />\n<img alt="" src="https://github.com/bluseyu/imgbed/raw/master/mm_sexy_43.jpg" />\n<img alt="" src="https://github.com/bluseyu/imgbed/raw/master/mm_sexy_44.jpg" />\n<img alt="" src="https://github.com/bluseyu/imgbed/raw/master/mm_sexy_45.jpg" />\n<img alt="" src="https://github.com/bluseyu/imgbed/raw/master/mm_sexy_49.jpg" />\n<img alt="" src="https://github.com/bluseyu/imgbed/raw/master/mm_sexy_87.jpg" />\n<img alt="" src="https://github.com/bluseyu/imgbed/raw/master/mm_sexy_88.jpg" />\n<img alt="" src="https://github.com/bluseyu/imgbed/raw/master/mm_sexy_89.jpg" />\n<img alt="" src="https://github.com/bluseyu/imgbed/raw/master/mm_sexy_51.jpg" />\n<img alt="" src="https://github.com/bluseyu/imgbed/raw/master/mm_sexy_53.jpg" />\n<img alt="" src="https://github.com/bluseyu/imgbed/raw/master/mm_sexy_72.jpg" />\n<img alt="" src="https://github.com/bluseyu/imgbed/raw/master/mm_sexy_1.jpg" />\n<img alt="" src="https://github.com/bluseyu/imgbed/raw/master/mm_sexy_52.jpg" />\n<img alt="" src="https://github.com/bluseyu/imgbed/raw/master/mm_sexy_66.jpg" />\n<img alt="" src="https://github.com/bluseyu/imgbed/raw/master/mm_sexy_67.jpg" />\n<img alt="" src="https://github.com/bluseyu/imgbed/raw/master/mm_sexy_68.jpg" />\n<img alt="" src="https://github.com/bluseyu/imgbed/raw/master/mm_sexy_70.jpg" />\n<img alt="" src="https://github.com/bluseyu/imgbed/raw/master/mm_sexy_86.jpg" />\n<img alt="" src="https://github.com/bluseyu/imgbed/raw/master/mm_sexy_8.jpg" />\n<img alt="" src="https://github.com/bluseyu/imgbed/raw/master/mm_sexy_2.jpg" />\n<img alt="" src="https://github.com/bluseyu/imgbed/raw/master/mm_sexy_3.jpg" />\n<img alt="" src="https://github.com/bluseyu/imgbed/raw/master/mm_sexy_10.jpg" />\n<img alt="" src="https://github.com/bluseyu/imgbed/raw/master/mm_sexy_33.jpg" />\n<img alt="" src="https://github.com/bluseyu/imgbed/raw/master/mm_sexy_27.jpg" />\n<img alt="" src="https://github.com/bluseyu/imgbed/raw/master/mm_sexy_23.jpg" />\n<img alt="" src="https://github.com/bluseyu/imgbed/raw/master/mm_sexy_24.jpg" />\n<img alt="" src="https://github.com/bluseyu/imgbed/raw/master/mm_sexy_25.jpg" />\n<img alt="" src="https://github.com/bluseyu/imgbed/raw/master/mm_sexy_26.jpg" />\n<img alt="" src="https://github.com/bluseyu/imgbed/raw/master/mm_sexy_28.jpg" />\n<img alt="" src="https://github.com/bluseyu/imgbed/raw/master/mm_sexy_69.jpg" /></p>', 8, 'show'),
	('2022-10-19 10:50:41', '2022-10-19 10:50:41', 30, '一大波美图来袭：  一“股”作气', '一大波美图来袭，“屁”荊斬棘，一“股”作气，“臀”风饮雨，让人“色色”发抖，就问你怕不怕……', '<blockquote>\n<p>一大波美图来袭，“屁”荊斬棘，一“股”作气，“臀”风饮雨，让人“色色”发抖，就问你怕不怕……</p>\n</blockquote>\n<p><img alt="发图专用" src="https://gimg2.baidu.com/image_search/src=http%3A%2F%2Fhuizhong66.net%2FUploadFiles%2FFCK%2F2016-12%2F6361618545053028097856951.jpg&amp;refer=http%3A%2F%2Fhuizhong66.net&amp;app=2002&amp;size=f9999,10000&amp;q=a80&amp;n=0&amp;g=0n&amp;fmt=auto?sec=1668739526&amp;t=d03be7a13e34ed5303a1a841f4a4663c" /></p>\n<p><img alt="" src="https://github.com/bluseyu/imgbed/raw/master/mm_sexy_9.jpg" title=") ![](https://github.com/bluseyu/imgbed/raw/master/mm_sexy_15.jpg" />\n<img alt="" src="https://github.com/bluseyu/imgbed/raw/master/mm_sexy_7.jpg" title=") ![](https://github.com/bluseyu/imgbed/raw/master/mm_sexy_79.jpg" />\n<img alt="" src="https://github.com/bluseyu/imgbed/raw/master/mm_sexy_80.jpg" title=") ![](https://github.com/bluseyu/imgbed/raw/master/mm_sexy_18.jpg" />\n<img alt="" src="https://github.com/bluseyu/imgbed/raw/master/mm_sexy_5.jpg" title=") ![](https://github.com/bluseyu/imgbed/raw/master/mm_sexy_4.jpg" />\n<img alt="" src="https://github.com/bluseyu/imgbed/raw/master/mm_sexy_63.jpg" title=") ![](https://github.com/bluseyu/imgbed/raw/master/mm_sexy_81.jpg" />\n<img alt="" src="https://github.com/bluseyu/imgbed/raw/master/mm_sexy_75.jpg" title=") ![](https://github.com/bluseyu/imgbed/raw/master/mm_sexy_73.jpg" />\n<img alt="" src="https://github.com/bluseyu/imgbed/raw/master/mm_sexy_74.jpg" title=") ![](https://github.com/bluseyu/imgbed/raw/master/mm_sexy_54.jpg" /></p>', 8, 'show'),
	('2022-10-19 11:10:21', '2022-10-19 11:10:21', 31, '一大波美图来袭： 千娇百媚', '一大波美图来袭，轻解罗裳，娇躯玉横，身姿曼妙，千娇百媚，让人“色色”发抖，就问你怕不怕……', '<blockquote>\n<p>一大波美图来袭，轻解罗裳，娇躯玉横，身姿曼妙，千娇百媚，让人“色色”发抖，就问你怕不怕……</p>\n</blockquote>\n<p><img alt="发图专用" src="https://gimg2.baidu.com/image_search/src=http%3A%2F%2Fhuizhong66.net%2FUploadFiles%2FFCK%2F2016-12%2F6361618545053028097856951.jpg&amp;refer=http%3A%2F%2Fhuizhong66.net&amp;app=2002&amp;size=f9999,10000&amp;q=a80&amp;n=0&amp;g=0n&amp;fmt=auto?sec=1668739526&amp;t=d03be7a13e34ed5303a1a841f4a4663c" /></p>\n<h4 id="_1">窈窕淑女，君子好逑</h4>\n<p><img alt="" src="https://github.com/bluseyu/imgbed/raw/master/mm_sexy_39.jpg" title=") ![](https://github.com/bluseyu/imgbed/raw/master/mm_sexy_59.jpg" />\n<img alt="" src="https://github.com/bluseyu/imgbed/raw/master/mm_sexy_76.jpg" title=") ![](https://github.com/bluseyu/imgbed/raw/master/mm_sexy_77.jpg" />\n<img alt="" src="https://github.com/bluseyu/imgbed/raw/master/mm_sexy_78.jpg" title=") ![](https://github.com/bluseyu/imgbed/raw/master/mm_sexy_20.jpg" />\n<img alt="" src="https://github.com/bluseyu/imgbed/raw/master/mm_sexy_22.jpg" title=") ![](https://github.com/bluseyu/imgbed/raw/master/mm_sexy_29.jpg" />\n<img alt="" src="https://github.com/bluseyu/imgbed/raw/master/mm_sexy_30.jpg" title=") ![](https://github.com/bluseyu/imgbed/raw/master/mm_sexy_21.jpg" />\n<img alt="" src="https://github.com/bluseyu/imgbed/raw/master/mm_sexy_31.jpg" title=") ![](https://github.com/bluseyu/imgbed/raw/master/mm_sexy_83.jpg" />\n<img alt="" src="https://github.com/bluseyu/imgbed/raw/master/mm_sexy_84.jpg" title=") ![](https://github.com/bluseyu/imgbed/raw/master/mm_sexy_85.jpg" /></p>', 8, 'show'),
	('2022-10-19 14:38:23', '2022-10-19 14:43:15', 32, '人和人命运的不同，在于思维的差距', '一位作家说：“人和人命运的主要不同，在于思维的差距。”升维思考，降维做事。', '<p><a href="https://author.baidu.com/home?from=bjh_article&amp;app_id=1607857006780200">洞见</a>\n2022-06-12 20:47   安徽活力创作者,总裁,安徽洞见科技有限公司,活力创作者</p>\n\n<blockquote>\n<p>一位作家说：<strong>“人和人命运的主要不同，在于思维的差距。”</strong> 思维对了，方向就对了，事情自然就顺了。思维方式不对，做事再努力也是白费力气。</p>\n</blockquote>\n\n<p><img alt="" src="https://pics1.baidu.com/feed/267f9e2f070828384db2f2c68a7cd30b4e08f190.jpeg" /></p>\n<p><strong>升维思考，降维做事。</strong></p>\n<h3 id="01">01</h3>\n<p>得到CEO脱不花曾讲过这样一个故事。</p>\n<p>她有个下属过来找她，张口就问：“领导，后天您有时间吗？”</p>\n<p>这让她一头雾水。</p>\n<p>而另外一个下属，来找她时说了这么一番话：</p>\n<p>“您说年底的时候要和十大客户进行交流，我们做了一个初步方案。</p>\n<p>后天，需要占用您半小时的时间，进行最终决策，以便于我们和客户提前协调时间。</p>\n<p>我查了一下您的行程，后天早上、下午四点您暂无安排，晚上您去机场的路上也可备选。</p>\n<p>哪个时间段，您方便听一下我们的方案？”</p>\n<p>这样一说，脱不花不仅清楚找她做什么，而且还给出一组预案，她只需半分钟做个选择，就能解决事情。</p>\n<p>两相对比，高下立现。</p>\n<p>遇到事情，总能多想一些，多走一步的人，往往比走一步看一步的人思维更灵敏。</p>\n<p>他们的工作晋升之路，往往也更为顺遂。</p>\n<p>恰如一位作家说：<strong>“人和人命运的主要不同，在于思维的差距。”</strong></p>\n<p>如果说做一件工作，就像开车从A点到B点，那么思维就是你的导航。</p>\n<p><strong>思维对了，方向就对了，工作自然就顺了。</strong></p>\n<p><img alt="" src="https://pics1.baidu.com/feed/0dd7912397dda144efa920628552aaa80ef486a9.jpeg" /></p>\n<h3 id="02">02</h3>\n<p>生活中，经常会看到这样的现象。</p>\n<p>有的人工作十多年，依旧在原地踏步；有的人短短几年，就青云直上。</p>\n<p>是什么拉开了他们之间的差距？</p>\n<p>企业家稻盛和夫提出过一个公式：<strong>人生/工作结果=思维方式×热情×能力。</strong></p>\n<p>在他看来，拥有正确的思维方式，比拥有智商、体魄等其他能力更为重要。</p>\n<p>我之前的公司有两个销售，王初和杨子，两个人资历差不多。</p>\n<p>王初一个月业绩30万元，最多的时候拿到过60万；而杨子通常一个月业绩只有3万元。</p>\n<p>为什么会差这么多呢？</p>\n<p>时间长了，我发现，他们的差距不在于努力，更多在思维方式上。</p>\n<p>比如当他们被客户拒绝时，两个人的反应截然不同。</p>\n<p>杨子觉得自己肯定得罪了客户，开始陷入对自己的怀疑中。</p>\n<p>而王初每次被客户拒绝后，他都会思考客户为什么会拒绝：</p>\n<p>“是我沟通有问题？还是我没有理解客户的需求？</p>\n<p>还是客户已经有其他更好的选择？如果有，那我们的产品差在哪了？还能如何改进？”</p>\n<p>他透过层层追问、思考，去感受客户真正的需求，帮客户解决问题。</p>\n<p>只要跟他打过交道的客户都很信任他，常常会给他介绍新客户。</p>\n<p>在这过程中，他还会把客户反馈及时提供给产品部门，帮助他们做产品优化。</p>\n<p>时间长了，成了半个产品高手，跟客户介绍产品时更加得心应手。</p>\n<p>你看，同一件事，思维模式不同的人做，结果就会截然不同。</p>\n<p>樊登曾说过：“如果你的生活出现了烦恼，相信我，一定是你的思维方式出了问题。”</p>\n<p>人这一生，都在为自己的思维方式买单。</p>\n<p>思维方式不对，工作再努力也是白费力气。</p>\n<p><img alt="" src="https://pics4.baidu.com/feed/bba1cd11728b47105133fc24f22bb9f7fd03232d.jpeg" /></p>\n<h3 id="03">03</h3>\n<p>管理学上有一个著名的“奶昔错误”。</p>\n<p>当初，麦当劳想提高早餐奶昔的销量，请来了许多研究者进行调研。</p>\n<p>当大家都把关注点放在“如何让奶昔符合大众的口味和营养价值”时，一位叫博斯特尔的研究员另辟蹊径，跑去研究顾客了。</p>\n<p>他只关注了一个问题：为什么大多数人喜欢在早晨8点买奶昔，买完后又直接离开呢？</p>\n<p>调查后他发现，大多数客户喜欢在路上开车饮用。</p>\n<p>那么，这就要求奶昔不能太烫、包装要严密，口味不能太油腻，又能暂缓饥饿。</p>\n<p>最后，麦当劳单独开设了一条购买奶昔的快速通道，便轻轻松松提升了销量。</p>\n<p>《闲情偶寄》中有言：变则新，不变则腐；变则活，不变则板。</p>\n<p>工作中，固守惯性思维，一路直撞南墙，往往吃力不讨好。</p>\n<p>与其埋头苦干，不如让思维转个弯。</p>\n<p>早年前看过一个故事。</p>\n<p>有位财主为了讨夫人的欢心，隔三差五就请裁缝来家里量体裁衣，但没有一件能入夫人的眼。</p>\n<p>无奈之下，财主张贴了一则告示：哪位裁缝能够做出令我家夫人满意的衣服，重重有赏。</p>\n<p>一位赶路的商人听闻此事后，便在街边随便找来了一个裁缝，但不同的是，他还找了一位化妆师。</p>\n<p>商人让化妆师给夫人化了妆后，才请她试穿新衣。</p>\n<p>没想到，夫人试穿后赞不绝口，财主当即拿出重金酬谢。</p>\n<p>裁缝十分不解，问商人：“她为什么会对我的衣服满意呢？我的水平比那些高手差太多了！”</p>\n<p>商人说：“她满意的关键，并不在于你做出的衣服有多么精美，而在于她是否觉得自己好看。”</p>\n<p>解锁工作中很多困局的关键，往往就是在于改变思维。</p>\n<p>就像商人没有把自己困在“换裁缝”这个固有思维里，而是换了个思维，找来一个化妆师。</p>\n<p>知名生涯规划师古典在《拆掉思维里的墙》中说：</p>\n<p>“限制我们人生发展的不是世界，而是思维里的墙。”</p>\n<p><img alt="" src="https://pics4.baidu.com/feed/1b4c510fd9f9d72a0ddd1293e5cf523e369bbbf6.jpeg" /></p>\n<h3 id="04">04</h3>\n<p>顺丰创始人王卫所说：</p>\n<blockquote>\n<p><strong>“一个人成功一次，也许是偶然，但若能长期成功，那肯定有其独到之处，可能从思维到行为都跟别人不太一样。”</strong></p>\n</blockquote>\n<p>我们都知道乔布斯曾被苹果董事会逐出了公司。</p>\n<p>他不在苹果的那段日子，新的董事会班子非常努力，公司员工也都辛勤干活，研发了很多新的产品。</p>\n<p>但是，没一个产品卖得好。</p>\n<p>到了1997年，苹果公司一度濒临破产，不得已，他们重新把乔布斯请回来了。</p>\n<p>回来后的乔布斯立刻对公司业务进行了大刀阔斧的改革：</p>\n<p>把所有产品的型号全部砍到了1个；正在进行的新研发项目砍掉了70%；经销商从6个减到1个……</p>\n<p>这些业务并不是盲目的砍掉，而是保留了最具特色、最精华的部分。</p>\n<p>很快，苹果公司便起死回生。</p>\n<p>《教父》里说：“一秒钟内看到本质的人，和半辈子也看不清一件事本质的人，注定是不一样的命运。”</p>\n<p>人的思维是有层次的，如果你在工作中遇到解决不了的难题，不妨跳到更高的维度去思考。</p>\n<p>比如你是我们的编辑，如果一篇文章被主编扔进了垃圾篓，你要怎么办？</p>\n<p>不是抱怨主编，也不是自我否定。这时候你应该当自己就是主编，用主编的思维和要求，来审视自己的文章，找出工作中的问题。</p>\n<p>这就是我在直播中、在工作中常常说的：<strong>升维思考，降维做事</strong>。</p>\n<p><img alt="" src="https://pics3.baidu.com/feed/f11f3a292df5e0fe877673686d854ea25fdf7258.jpeg" /></p>\n<p>▽</p>\n<p>作家刘润说，平庸的人改变结果，优秀的人改变原因，而卓越的人改变思考模式。</p>\n<p>当你的思维变得开阔，相信人生会势如破竹，前路一片坦荡。</p>', 4, 'show'),
	('2022-10-19 14:53:21', '2022-10-19 14:53:21', 33, '人和人的差距到底能有多大？这6张图告诉你答案', '行动起来，想要的生活才会奔你而来。', '<p>作者：<a href="https://author.baidu.com/home?from=bjh_article&amp;app_id=1607857006780200">洞见</a><br />\n2022-06-07 21:14  安徽活力创作者,总裁,安徽洞见科技有限公司,活力创作者</p>\n<p><img alt="" src="https://pics3.baidu.com/feed/908fa0ec08fa513d7192b734451621f1b3fbd9a2.png" /></p>\n<p><strong>行动起来，\n想要的生活才会奔你而来。</strong></p>\n<p>知乎上有个问题：人和人的差距到底能有多大？</p>\n<p>有位叫@自挂东南枝的网友说：</p>\n<blockquote>\n<p>初中同学，最厉害的创业成功，身家百万，最不如意的，目前在老家洗车；高中同学，混得最好的，在某五百强企业做高管，混得最差的，在网吧当管理员。</p>\n</blockquote>\n<p>不禁想起作家水木然说过的一句话：“<strong>人与人的差距，有时候比人和狗都大。</strong>”</p>\n<p>很多时候，处在相同环境、同一起点的人，最终结局往往却天差地别。</p>\n<p>那么，究竟是什么造成了人和人之间巨大的鸿沟呢？</p>\n<p>今天分享给大家6张来自插画师@明辉的哲理图，愿你能读有所获，让自己越变越好。</p>\n<h3 id="1">1 你有多大眼界，就能看见多大世界</h3>\n<p><img alt="" src="https://pics4.baidu.com/feed/bba1cd11728b471017ffe706b5b5b7f7fe0323a9.png" /></p>\n<p>杜甫在《望岳》中写道：“会当凌绝顶，一览众山小。”</p>\n<p><strong>一个人眼界的大小，决定着他看见世界的大小。</strong></p>\n<p>站在近处，只能看见眼前的一叶扁舟；拉远距离，才能把更多的山河美景尽收眼底。</p>\n<p>做人，若没有宽广的视野，人生也就被限制在狭窄的小天地内。</p>\n<p>谷歌公司刚有起色的时候，有人建议，在公司优势领域实施垄断。</p>\n<p>如此一来，既可以打压对手，利润也会大大提升。</p>\n<p>创始人佩林听后，却拒绝了这一措施，他说：“谷歌永远坚持开放。”</p>\n<p>面对利润的诱惑，佩林深知，垄断能取得暂时胜利。</p>\n<p>但从长远看，这种恶性竞争的方式，会导致公司越来越封闭，不利于后续发展。</p>\n<p>于是，谷歌继续加强同其他公司的合作，相互分享技术。</p>\n<p>每当谷歌推出新软件，都会得到硅谷各大公司的支持。</p>\n<p>就这样，在无数小公司的参与下，谷歌建立起全领域的网络生态平台，一举成为行业巨头。</p>\n<p>而那些选择封闭垄断的竞争对手，早就在淘汰中被人遗忘了。</p>\n<p>契诃夫说：</p>\n<blockquote>\n<p><strong>那些比我们眼界广阔的人们，会把我们撵到生活舞台的后面去。</strong></p>\n</blockquote>\n<p>视野狭窄的人，看到的永远是眼前的利益和得失。</p>\n<p>当你的眼界足够广阔，自然就能够看清事物全貌，不会被眼前的一时得失遮蔽。</p>\n<p>站在更远的视角把握全局，才能更好地规划人生。</p>\n<h3 id="2">2 看问题的深度，拉开了人与人的层次</h3>\n<p><img alt="" src="https://pics3.baidu.com/feed/4a36acaf2edda3cc8625034e7d924d0b203f9225.png" /></p>\n<p>普通人看一棵树，只会注意树干枝叶，而拥有洞察力的人，还能看出地表下的根须。</p>\n<p>《教父》里说：</p>\n<blockquote>\n<p><strong>在一秒钟内看到本质的人，和花半辈子也看不清一件事本质的人，自然是不一样的命运。</strong></p>\n</blockquote>\n<p>所谓看清问题本质，就是能看到“根须”的深度思考力。</p>\n<p>有人就曾巴菲特，为何别人投资都有亏有损，他却几乎从不失手。</p>\n<p>他笑了笑，说：“可能是我看到的东西，比别人多一点。”</p>\n<p>原来，大部分投资人在选股票时，看重的都是公司报表上的盈利能力。</p>\n<p>而巴菲特买股票前，不仅看账面信息。</p>\n<p>更重要的是，他会分析这家公司的行业前景，甚至企业制度和文化。</p>\n<p>以此判定这家公司是否具有发展潜力。</p>\n<p>在他看来，一家有潜力的公司，股票升值是大概率事件。</p>\n<p>买了这种公司的股票，即便遭遇多次下跌，他也绝不卖出，反而重仓。</p>\n<p>靠这种洞察力，巴菲特在股市无往不利，连续十多年位居全球富豪榜前五。</p>\n<p>古人云：<strong>“见微知著，睹始知终。”</strong></p>\n<p>真正厉害的人，能够透过冰山一角，看到冰山的全貌。</p>\n<p>在千头万绪当中，一眼看到问题的实质，做出最准确的判断和选择。</p>\n<p>从而洞察先机，事事都能快人一步。</p>\n<p>学会深度思维，凡事多一点思考，把命运掌握在自己的手里。</p>\n<h3 id="3">3 专注，是这个世界上最稀缺的能力</h3>\n<p><img alt="" src="https://pics2.baidu.com/feed/359b033b5bb5c9ead9b0b9eb5d42c20a3bf3b3f9.png" /></p>\n<p>生活中，目标太多只会分散我们的精力，专心致志，聚焦于一点才能做出成绩。</p>\n<p>作家村上春树曾说：<strong>“没有专注力的人生，就仿佛睁大着双眼什么也看不见。”</strong></p>\n<p>他在写小说的时候，总保持着这样的作息：</p>\n<p>早上4点左右起床，立刻坐在电脑前开始写稿，一写就是四五个小时。</p>\n<p>在这段时间里，他不见任何人，拒绝被任何事打扰，只是集中精力完成最重要的工作：写作。</p>\n<p>随后，才开始打理那些生活杂事。</p>\n<p>心理学上有一种现象叫做“心流”，指当人们将精力完全投注在某种活动上时，会产生一种高度的兴奋与充实感。</p>\n<p>这种充实感，不但让人高效地完成工作，更能使人达到忘我的境界，产生幸福感。</p>\n<p>所以，与其低质量的忙碌，不如尽量排除一切外在的影响，提升工作效率，充分享受工作和学习带来的乐趣。</p>\n<p>庄子说：<strong>“用志不分，乃凝于神。”</strong></p>\n<p>人生在世，可做的事情很多，但是真正重要的，其实就那么几件。</p>\n<p><strong>把最好的精力放在真正重要的事情上，专心致志，才能迎来高效的人生。</strong></p>\n<p>修炼专注力，一次只做一件事，才能做好一件事。</p>\n<h3 id="4">4 执行力，是最顶级的自律</h3>\n<p><img alt="" src="https://pics5.baidu.com/feed/4bed2e738bd4b31cefa36181f1ad53759f2ff8f7.png" /></p>\n<p>在商学界，关于执行力，有人曾以乌龟和猎豹来做比喻。</p>\n<p>乌龟代表那些想得天花乱坠，却拿不出实际行动的人；与之形成对比的是猎豹，代表那些一有想法，立马就去落地执行的人。</p>\n<p>很认同一句话：<strong>“速度第一，完美第二；行动第一，想法第二。”</strong></p>\n<p>一个人能否成事，不在于智商或能力，而在于行动。</p>\n<p>电影《社交网络》中有这样一个故事。</p>\n<p>扎克伯格被女友甩掉之后，当晚灵光一闪，在电脑上开发出了一款社交应用FaceMash，大获成功。</p>\n<p>可注意下细节，就能发现一个惊人的秘密：</p>\n<p>扎克伯格晚上20:13回到宿舍，22:17开始动手敲代码。</p>\n<p>凌晨2:08同学萨瓦林回来提供了算法公式，随后该产品上线。</p>\n<p>也就是说，他只花了6个小时，便完成了产品的设计、开发与上线。</p>\n<p>而这，通常是一个小型团队两天的日常工作量。</p>\n<p>正因为扎克伯格惊人的行动力，日后他才能迅速推出Facebook，成为应用最广泛的社交平台之一。</p>\n<p>著名投资人孙正义说：</p>\n<p>“<strong>三流的点子加一流的执行力，永远比一流的点子加三流的执行力更好。</strong>”</p>\n<p>带着一脑子计划，躺在跑道上晒太阳，就只能眼睁睁看着自己被别人甩在后面。</p>\n<p><strong>人生如同跑，想要更好的成绩，你首先得先站到起跑线上。</strong></p>\n<p>提高自己的执行力，把“待会儿再说”，换成“现在就做”。</p>\n<p>行动起来，想要的生活才会奔你而来。</p>\n<h3 id="5">5 无畏的心态，是强者的标配</h3>\n<p><img alt="" src="https://pics2.baidu.com/feed/9213b07eca8065381b9af3d6eca6d54eac34820c.jpeg" /></p>\n<p>心理学家奥斯卡·伊察索曾提出“兔子型人格”和“狮子型人格”。</p>\n<p>兔子型人格的人，乖巧温顺，安于现状，没有勇气去面对风险。</p>\n<p>狮子型人格的人，却敢于放手一搏，无惧失败，往往更受命运青睐，活成人生赢家。</p>\n<p>央视著名主持人敬一丹，大学毕业在家乡做了几年电台的播音员。</p>\n<p>优渥的工作，熟悉的环境，本是大多数人梦寐以求的生活状态。</p>\n<p>但这种日子过久了，她却感到乏味和空虚，于是萌生了深造的念头。</p>\n<p>她无视亲友们的劝阻，毅然选择裸辞。</p>\n<p>在考研这条路上，她第一次失败了，第二次也失败。</p>\n<p>身边很多人都觉得她瞎折腾，可她不为所动，继续报考第三次。</p>\n<p>终于如愿考上心仪的学校，而这时她已经28岁了。</p>\n<p>研究生毕业后，通过努力，她顺利进入央视，最终成为金牌主持人。</p>\n<p>巴尔扎克说：“我唯一能信赖的，是我如狮子般的勇气和不可战胜的精神。”</p>\n<p>任何时候，都别害怕。</p>\n<blockquote>\n<p><strong>不害怕尝试新事物，唯有变化，才是唯一的不变化；不害怕走出舒适圈，只要你敢踏出第一步，就能继续走下去；不要害怕失败，只要能鼓起勇气再来一次，就不是真正的失败；别把人生浪费在恐惧里，勇敢点，修炼一颗强大的内心。</strong></p>\n</blockquote>\n<p>永远无畏地向上生长，不断突破自己的底色，才不枉活过这一生。</p>\n<h3 id="6">6 对待低谷的态度，决定人生的高度</h3>\n<p><img alt="" src="https://pics7.baidu.com/feed/962bd40735fae6cd22e80c088bc87b2e43a70f84.png" /></p>\n<p>世界上，每个人都有自己的生命轨迹。</p>\n<p>有人掉入低谷，就顺势躺平，还有人，跌到最低处时却能强势上升。</p>\n<p>巴顿将军说：<strong>“衡量一个人成功的标志，不是看他到达顶峰的高度，而是看他跌落谷底时的反弹力。”</strong></p>\n<p>乔布斯曾因为与合伙人的理念发生冲突，被董事会赶出了苹果公司。</p>\n<p>从公司创始人，一下子失去所有职位，这给他带来了毁灭性的打击。</p>\n<p>但在长达11年的放逐期间，乔布斯没有抱怨和放弃。</p>\n<p>他开始尝试新的业务，涉及计算机、动画等行业，对市场了解更深；</p>\n<p>也开始学着理解别人，听取他人意见，大局观不断增强。</p>\n<p>这些经历和收获，使得他越来越成熟。</p>\n<p>1997年，苹果公司陷入巨额亏损，只好再请回乔布斯。</p>\n<p>这之后，乔布斯领头研发出iPhone系列智能手机。</p>\n<p>不仅让苹果起死回生，成为科技行业的龙头企业，也让自己站上了世界之巅。</p>\n<p>有人说，人生如同浪潮，陷入低谷时，若自暴自弃随波逐流，便只能深陷谷底。</p>\n<p><strong>唯有继续锤炼自己，方能触底反弹，扭转局面。</strong></p>\n<p>要相信，每一次跌落，都是生活在提醒我们做出改变。</p>\n<p>直面挫折，不断提升自己，下一次就能飞得更高，走得更远。</p>\n<p>▽</p>\n<p>拿破仑曾说过：</p>\n<blockquote>\n<p><strong>人与人之间只有很小的差距，但是这种很小的差距，却造成了巨大的差异。</strong></p>\n</blockquote>\n<p>人的起点往往差不多，真正拉开差距的在于每个日常。</p>\n<p>读懂这6张图，从今天开始，全面看待问题，保持专注力和行动力，并且强大自己的内心。</p>\n<p><strong>只要坚持下去，在积累中慢慢蜕变，你终会不断超越过去的自己。</strong></p>', 4, 'show'),
	('2022-10-19 17:07:26', '2022-10-19 17:14:45', 34, ' 与武术结缘：轨迹拳学', '2000年暑假，我独自一人前往河南巩义竹林镇拜访李紫剑先生，并有幸在先生身边学拳四十多天。', '<p><br/></p>\n<div class="toc">\n<ul>\n<li><a href="#_1">轨迹拳学——指路明灯</a></li>\n<li><a href="#_2">老李速写——与李紫剑先生零距离接触</a></li>\n<li><a href="#_3">竹林之行：打开拳学之门</a></li>\n</ul>\n</div>\n<p><br/></p>\n<blockquote>\n<p>2000年，是我寻梦的高光之年，山村教书的艰苦，暂时看不到出路，年轻的心躁动而迷惘。于是，那年暑假，我独自一人前往河南巩义竹林镇拜访李紫剑先生，并有幸在先生身边学拳四十多天。年底，我应征入伍，开启了军旅生活。2015年9月6日，整理之前的笔记本，把其中的一些文字（指路明灯&amp;老李速写）转录为电子文档，存于为知笔记。时2022年5月5日，记。</p>\n</blockquote>\n<h3 id="_1">轨迹拳学——指路明灯</h3>\n<p>2000年4月16日     星期日       晴</p>\n<blockquote>\n<p>无为为无  有为为有  有无皆假  假借有无修至道\n文言言文  武言言武  文武双全  全凭文武振乾坤</p>\n</blockquote>\n<p>在我十六岁那年，我决定真正做点什么留给我最美好的花季。</p>\n<p>48HST（48小时超级自卫术）的出现使我真正做了起来，它不但练就了我强健的体魄，也锤炼了我的意志，让我真正地成长起来。它告诉我：没有失败，只有放弃。此时的我终于朝自己儿时的梦想迈出了第一步。以前虽也练过不少，但太杂乱，而且都没有坚持下来。</p>\n<p>如果说我已从48HST起步的话，那么轨迹拳学的出现使我真正决心在这条路上走下去。“路漫漫其修远兮，吾将上下而求索”，在修证武学的路上，我才刚上路，和我一起走的人很多，走在前面的人更多，我将不断努力，继续攀登。</p>\n<p>自结识《轨迹拳学》，便如在黑暗中点亮了一盏明灯。在灯光的辉映下，我终于看见了前方的曙光，至此方知别有洞天。以前是见菩萨就拜，也不知自己到底该如何选择，一直徘徊，找不到出口。现在豁然开朗，以前所见，不过是一叶障目而已。</p>\n<p>很感谢李紫剑先生，他给我指引了一条正道，一条最捷径的路。虽还未见其人，就从他的著作中，我已看到了大师的风范，他是武术的先知。</p>\n<p>世上没有想出来的功夫，所以，我将先自学，然后再去河南向李紫剑先生系统地学习，并随时记下要点与心得，是以为记。</p>\n<p>正所谓：“以前所见万般皆空难入门，现在练就一拳即真易登堂。”</p>\n<h3 id="_2">老李速写——与李紫剑先生零距离接触</h3>\n<p>2000年7月16日  星期天</p>\n<p>今天星期天，休息。一周中，也只有今天可以放松一下，因为今天不训练，真是难得。于是，就有时间静下来写点东西了。来竹林已有十多天了，通过这些天零距离接触李紫剑老师，收获挺多的。同时，也想谈谈自己对他的认识和看法。以为，这次过来，虽说带了相机，但李老师多次强调不准拍照，所以一直没机会和他留影，也不能把这段美好的时光用最具体的方式记录下来。那么，只有借助于手中的笔了。</p>\n<p><strong>老李速写</strong></p>\n<p>师兄们都亲昵地称李老师为“老李”，如乡随俗，我也姑且这般称呼他吧，何况老师本人也常以此自称，每次接电话，他的第一句话就是：“我是老李”。</p>\n<p>老师平时授课时总是讲一口正宗的竹林普通话，因为语言沟通上不太容易，所以在训练中大家总是小心翼翼的。</p>\n<p>老李在课后不摆半点架子，大家可以自由地与他闲聊，可一上课就换了个人似的。新课内容一般只一起示范一次，不会再给学生单独演示。一旦动作出现了错误，就免不了先被臭骂几句，然后指正你的错误；如果一错再错，老李会上去给他一拳（当然只是意思一下，真打的话，谁受得了），口中猛训：“真是气死我了！孺子不可教也！”可脸上的神情还不至于太恐怖；但假如谁在那儿吊儿郎当，漫不经心地在那里随手比画，动作已面目全非时，这时，老李可真发火了——“简直是对我学术和人格的侮辱！”老李非给他一脚不可。</p>\n<p>训练异常辛苦。在上课时，每当老李走近时，大家都特别卖力；等他背转过去，就慢慢地放松了下来，还可以稍微喘口气。当老李以锐利的目光巡视四周时，大家心里都发慌，甚至发寒，“会不会在看我呢？”“是不是做错了还是不够卖力？”……这时，谁也不敢大意，顶风作案可不是闹着玩儿的。一般训练时，老李总是在旁边盯着我们；此时，大家最希望的就是他多上几次搂——接电话或是干点别的。因为大家可以趁这会儿功夫稍微放松一下，但动作还是照做，只不过少用些力而已。</p>\n<p>上课时，看老李示范，简直就是一种享受。往那儿一站，立马像换了个人似的，眼睛唰的亮起来了，一改平日的遭老头形象，全身上下如绷紧的弓，一触即发。他的动作轻快似飞蝶舞花，灵巧如，疾利似鹰击长空，迅猛如猛虎扑食。示范结束了，我们才回过神来。</p>\n<p>老李很忙，每天总有授不完的课和接不完的电话，回不完的信，还有钻不完的学术，整天忙得不亦乐乎。</p>\n<p>老李多才多艺，能弹能长，能拉能吹；既是木匠，又是鞋匠，短棍、长棍，锄头及公弩等都是自己亲自操刀，鞋子破了自己补，还真像专业水准似的。尤其是他制作的弓弩专业水准极高，性能特好。老李出生教师世家，教过多年书；同时他还是个标准的猎人，且好花卉之道；他学过中医，能自己制药治病。</p>\n<p>老李热爱生活，周围哪儿杂草多了，他就带着我们去拔草，以保护他的药草。发现哪儿还有块空地，又组织我们帮他栽花；下雨了，怕看门的狼狗淋坏了，便披上雨衣把狗牵到家里。晚上，我们睡觉时，他总要亲自去每个房间看看，问大家还有什么需要或有什么困难，然后才放心的去睡。</p>\n<p>其实，老李是个很普通的人。初次看见他，还以为是个弱不禁风的瘦老头。他长得很不起眼，走到哪儿也不会引起人们的注意。他平时穿着极为简朴，常年穿布鞋，出去总是骑着伴了他多年的老式自行车。</p>\n<p>所谓“大隐于市”，我想就是说老李这种人吧。</p>\n<hr />\n<p>2016-1-31     周日     多云</p>\n<h3 id="_3">竹林之行：打开拳学之门</h3>\n<p>自15年下半年起，便有整理拳学笔记的念头，但拖延病又犯，一直不曾真正付诸行动，直至今日。拟将与轨迹拳学相关的所有资料都整理于此，含当时的拳学笔记，找出的资料等。之前找出了学拳的笔记本，里面有轨迹拳学的学习记录，还夹了几张纸，那是2000年7月6日，周四，与李紫剑老师详谈后，他同意我留下学拳，我当即交了400元学费，领了一些生活用品，如脸盆、热水瓶、水桶、被子等，还发了几张纸，上面的内容是《忠告》、《学员守则》、《毕业准则》等。当时，我在《轨迹拳学祖庭忠告》这张纸上写下一行字：</p>\n<blockquote>\n<p>『夜，匆匆入竹林，时仍记忆犹新也。』</p>\n</blockquote>\n<p>当现在【2016年1月31日】重新整理这段经历时，已经过去15年多，当年的印象早已模糊成一团迷雾。幸好，在退伍前用authorware制作了一个多媒体光盘《搏击行知录》，里面记载了一些竹林之行的文字，详见下面的《竹林之行》。</p>\n<blockquote>\n<p>另：2013年9月1日，整理人生经历时，在《竹林之行》的基础上，又补充了一句。如下：</p>\n</blockquote>\n<p>『二000年八月底，快开学了，我结束了河南之旅，回到了家，继续教书。』</p>', 7, 'show'),
	('2022-10-19 17:16:33', '2022-10-19 17:19:06', 35, '与武术结缘：搏击行知录', '2005年11月18日，临近退伍，刻录了一光盘，赠与李学辉、渠超等战友，中有一篇《搏击行知录》，用文字记录了与武术的缘分。', '<div class="toc">\n<ul>\n<li><a href="#_1">缘起</a></li>\n<li><a href="#_2">竹林之行</a></li>\n<li><a href="#_3">小试牛刀</a></li>\n</ul>\n</div>\n<p><br /></p>\n<blockquote>\n<p>2005-11-18 临近退伍，刻录了一光盘，赠与李学辉、渠超等战友，中有一篇《搏击行知录》，用文字记录了与武术的缘分。</p>\n</blockquote>\n<h3 id="_1">缘起</h3>\n<p>我自幼就喜爱武术，至今已有十多年。现在回想起来，大概是从小学三年级开始的吧。那时，我老爸抽屉里有几本武术方面的书，我趁他不在时，偷偷拿过来看，于是就这样开始接近武术了。</p>\n<p>到了小学五、六年级，认识的字也很多了，就开始买杂志和书籍，那时我所有的零用钱除了买学习用品之外，都用来买书了。因为是自学，又没有老师指点，所以并没有真正的去练什么拳和功夫，只练习武术基本功和体能，倒是关于武术方面的知识和理论掌握了不少。那时我最大多梦想就是尽快找一位明师真正学点东西，朝高手的目标迈进，然后能考上体育大学武术系，认真钻研中国的传统武学，在这方面能有些成就。</p>\n<p>但中考的那次选择改变了我的人生轨迹，我去读中师了。九七年时，我参加了48小时超级自卫术（48HST）函授，并一招一式地扎实练习，达到了预期的效果，使我信心大增，并将此传授给了几个要好的同学。那时，我们经常踢球，也经常为此而打架，但没有一个班能打过我们。</p>\n<p>我们经常说，中华武术源远流长，博大精深。因为经常买杂志看，所以对中国武术的现状有了进一步的了解，逐渐认识到其中丑陋而混乱的一面，因此也渐渐改变了当初的许多想法。习武的目的也变得简单起来，只是当作一种兴趣和爱好，只是为了强身键体、防身自卫，只想学习最直接有效的功夫。此时，在《搏击》杂志一个叫李紫剑的人所发表的一些文章引起了我的关注。经过比较，发现他所创造的轨迹拳学特别合乎我的要求，于是就开始搜集与之相关的各种资料，并参加了函授，但是有很多东西都弄不懂。</p>\n<p>“学功夫这活，最讲究的就是言传身教，尤其是其中细微之处，而自学根本就是等于零。”这话是后来我遇到李紫剑老师之后，他对我说的。我问他，“明知如此，那你为什么还要搞函授哪？”他说这是应广大爱好者的强烈要求，并不是每个人都能抽出专门的时间来学习功夫的。自学是困难点，但对于学历高、悟性高的也能掌握一些基本的东西。而只要掌握那些基本的锻炼身体和保护自己是足够了。还有一种情况就是像你这样的，因为想学到真正的东西，所以就亲自到我这儿来学，那我的函授教材不就是带你入门的引路人吗？</p>\n<h3 id="_2">竹林之行</h3>\n<p>九九年，中师毕业后，分到一所极其偏远的村小教书，工资也很低，开始时三百元还不到，教了近一年，才攒了一千多块钱，于是决定去河南找李紫剑老师。</p>\n<p>二000年七月初，我到了河南省巩义市，在竹林武术馆跟李紫剑老师系统地学习轨迹拳学。走进竹林武术馆时已是快晚上八点了，门口的狼狗差不多有一米高，冲着我咆哮，幸好脖子上系着特粗的铁链，但也让我心惊胆战的了。只看到一个体形偏瘦的老头在带着几个学生在练什么功夫，动作舒缓，不像太极，也不像八卦和绵掌，但却是棉里藏针，柔中裹铁，举止之间，形神俱备（后来才知道是轨迹复合）。其他的学生有的在站桩，有的在练单式和形意拳差不多，还有的在练钢鞭和长、短棍。</p>\n<p>这时，那老头停下来了，朝我走过来，我知道，他肯定就是李紫剑老师，只是久仰大名，不见其人，没想到他看起来和普通老头没什么两样，甚至看起来比他们还瘦弱。我随他进了办公室，他让我坐下，然后拉家常似的和我聊了近半小时，问了不少问题，让我谈谈对武学的理解，对一些现象的看法，以及学习的目的、个人的经历等，然后当即让我填写报名手续，随后给我安排了一个房间。后来先来的师兄告诉我，就在我来之前不久，李老师已将前来想跟他学习的两个人打发走了。一般来说，李老师在找你谈话之后，若觉你态度不端正或人品差或悟性低，就毫不客气将你赶走，劝你另寻高就。我想，我的运气还真不错。</p>\n<p>在学习期间，我聆听李老师的教诲，并亲眼目睹了他的一次交手，受益匪浅。李老师为人谦和、谈吐幽默，知识渊博、见解独到，功夫确实了得，在中国民间是数一数二的高手。而他归纳总结的轨迹拳学简洁明了，易学易练，符合科学，实用性强。</p>\n<p>通过李老师的言传身教，我迅速掌握了轨迹拳学的基本内容，进步非常明显，身心两方面都有了质的飞跃。可以说，在竹林武术馆的那两个月，是我一生中最为单纯和充实的时光。我们每天超强度训练六小时以上，一天下来，全身肌肉麻木，如灌重铅，骨架关节好像都被拆散了，除了睡觉，再也不想干别的事了。李老师说，只有不断地突破自己的极限，才能充分挖掘出你身体内强大的潜能。在这里学习的有很多高手，他们有的是省、市的散打冠军，有的是民间武术的传人，有的已习武十多年，有的在其他武馆练了好几年，慕名而来，与李老师或他的入室弟子交手后，无不心服口服，从头开始学。只是食堂的面食吃多了，很难下肚；米饭也做得不好吃，不合胃口，很难吃饱，常常以方便面充饥，最后吃得我想吐。</p>\n<h3 id="_3">小试牛刀</h3>\n<p>二000年九月初开学时，我结束了河南之旅，回到了家，继续教书，但也做好了当兵的打算。之后，找我们县武术馆的一个散打教练小试牛刀，还不到5秒，他就认输了，想不到轨迹拳学威力这么大，记得李老师曾说过，一般练武术或散打的没有人能防住五拳连击，果然如此。</p>\n<p>当时，我教六年级数学，班里有几个女学生是邻村的，因中途辍学，年龄稍大些，都十五六岁了。村里的一些小青年经常到我们学校来溜达，尤其喜欢趴在六年级教室的窗口看那几个女学生，下课后，趁我们不在，就调戏她们。学生向我们老师反映了几次，我们说了那些青年之后，他们改变了战略，就堵在那几个女学生回家的路上骚扰她们。刚开始学生们不敢说，后来还是村里给我们看学校的马老头看到后告诉我们的。为安全起见，校长让我送那几个女学生回家。</p>\n<p>第二次送她们的时候，走了一小半路途的时候看到了村里的小青年正在前面不远的地方，这里刚过转弯处，路的两侧都是稻田，稻田的上面是油茶林，前后都看不到人家。当我们走近时，他们闪开了，我问他们干什么，他们说在这儿玩，因为我的存在，他们没有任何动作。往前走了一点我便返回了，让学生们自己回去。我知道等我过了转弯处，他们几个小混混就会跟上去，猫闻到了鱼腥味儿怎会轻易放过呢？况且他们以为我走了。我往回走，过了转弯处，就躲进了油茶林，开始跟踪他们几个。果然，班上的女学生只往前走了不到四百米，就被他们几个赶上了，现在他们拦在路前面不让学生们过去。就是以前常趴在窗口的那几个小混混，他们共五个人。这时，我再也看不过去了，从油茶林里折了根稍粗的树枝作短棍，快步走了出来。离他们还有十多米时，我把短棍扔在地上，稍后，其中有一人发现了我，急声说到“余老师来了”！他们几个赶紧散开了，但并没有走。我走上前问他洗们，那你们现在又在干什么呢？他们其中一个年纪稍大点的说，我们准备去邻村找人，顺便和她们同路。我问其中的一个女学生是不是这样的，她说：“他瞎说，他们说他们中曾××喜欢我们中的江××，还非要把他写好的情书塞给江××……”他们有人说：“你胡说什么，是不是欠揍！”这时，我说：“到底是谁欠揍？你们说清楚！你们刚才做了什么，我都看到了，还在这瞎扯什么！你们当我是傻瓜呀？你们以前也在这里拦过她们几次是不是？”他们几个沉默了一会儿，那个稍长的面带不屑，有些挑衅地说：“是又怎么样？不是又怎么样？今天你别找事，要不挨凑了别怪我们！”我也提高了音量：“你们以为自己打过几次架就很能打？你们今天说揍这个，明天说揍那个，你们揍得过谁呀？你们以为打得过我？有本事你们就一块儿上！”话刚说完，年纪稍大的那个带头动手了，在此同时，我一个歪步撞锤已放到了一个（这是同动进取），然后调步过肩摔又放倒一个，接着垫步刺步连击五拳把一个牙齿打掉了，鼻子也流血了，剩下的那两个下意识地推了两步。刚才最初被我打的那个家伙把随身大的小砍刀拔了出来，我见此情景跑到刚才扔短棍的地方，迅速把短棍捡了起来，转身朝他们走过去，他们都把随身携带的刀给拔出来了，朝我围了过来，边叫嚣：“砍死他！”“一块儿上！”我离他们大约还有两步左右，他们围成一圈，想把我困在里面猛砍。我选了一个离我最近的一个在他刀刚扬起的瞬间，一记撩棍把他刀打掉了（这是杀前锋手，断爪夺兵），顺势沉身一劈打在他的膝盖上（这是回环攻击），他马上就倒了，这时已杀出一个缺口。接着转身扫棍正好打中一个头部，他当即也趴下了。然后错步避开砍过来的刀同时一个正五花回环打掉了他的刀，另一下打在肋部，他捂着肋部缓缓尊下了。另外一个当时愣了一下，我斜步沉身将短棍打在他左胫骨上，他身子一斜也到倒了。最后一个想跑，被我追上，一记前撞棍一下虎扑把他打出去三米多。就这样，十五秒不到就把他们都摆平了。</p>\n<p>班上的几个女学生早已闪到了一边，她们七嘴八舌地对我说：“余老师，刚才我们都吓坏了，他们那么人打你一个，后面还把刀都拔出来了，我真害怕…””余老师，你真厉害，一个人就把他们五个都打倒了…””余老师，你能不能较我们功夫，我们要跟你学…”</p>\n<p>第二天，村里那几个小混混的家长来学校招我麻烦，校长给顶了回去。他们又闹事，结果校长直接找镇派出所把这事解决了。那几个自己付全部责任，医药费也是自己出，我属于正当防卫，而且以后不得到学校闹事，否则把他们抓进去蹲几天。就这样。事情慢慢平息了。</p>\n<p>当兵前，还有一次实战的经历，有了上次的经验，我随时都带着一根自制的短棍，以防万一。一次是陪我妈上街，有扒手偷我妈的钱，刚好被我看到，把他手给抓住了，他从身上摸出尖刀就朝我刺过来，我侧身，同时把我抓住的那只手给别断了。这时，马上有三个人走过了，我让妈坐车先走，然后用短棍在八秒之内放倒了他们，我也马上闪了，在不走，肯定会有更多的人过来。后来，上街时，我总是提高警惕，以防被人暗算。</p>', 7, 'show'),
	('2022-10-20 09:20:21', '2022-10-20 10:05:09', 36, '笑不活了！大润发文案又出神作！', '凭借一组“冷宫蔬菜”海报，火出圈的大润发又出文案', '<h1 id="_1">笑不活了！大润发文案又出神作！简直是我的互联网嘴替！</h1>\n<p><a href="https://author.baidu.com/home?from=bjh_article&amp;app_id=1564439085192945"><img alt="img" src="https://gips0.baidu.com/it/u=945345526,463211942&amp;fm=3012&amp;app=3012&amp;autime=1661592679&amp;size=b48,48" /></a></p>\n<p><a href="https://author.baidu.com/home?from=bjh_article&amp;app_id=1564439085192945">新民晚报</a></p>\n<p>2022-10-18 14:24新民晚报官方帐号</p>\n<p>关注</p>\n<p>还记得今年上半年</p>\n<p>凭借一组“冷宫蔬菜”海报</p>\n<p>火出圈的大润发文案嘛？</p>\n<p>最近这家超市海报又出神作</p>\n<p>一组“菜场黑话”令人叫绝</p>\n<p>简直是打工人的互联网嘴替！</p>\n<p><img alt="img" src="https://pic.rmb.bdstatic.com/bjh/news/78bdc0e7f72a3d4f9dbc1e81f5ed320f.gif" /></p>\n<p><strong>特价蔬菜</strong></p>\n<p>去上班吧</p>\n<p>去上身价一块五一斤的班</p>\n<p><img alt="img" src="https://github.com/bluseyu/imgbed/raw/master/illustration/darunfa-copywriting_1.png" width="100%" /></p>\n<p><strong>香蕉</strong></p>\n<p>没熟的香蕉就像项目</p>\n<p>放一放就黄了</p>\n<p><img alt="img" src="https://github.com/bluseyu/imgbed/raw/master/illustration/darunfa-copywriting_2.png" width="100%" /></p>\n<p><strong>莲藕</strong></p>\n<p>心不够大</p>\n<p>装不下800个心眼子</p>\n<p><img alt="img" src="https://github.com/bluseyu/imgbed/raw/master/illustration/darunfa-copywriting_3.png" /></p>\n<p><strong>冬瓜</strong></p>\n<p>生而为瓜，苦甜没差</p>\n<p>进自己的铁锅</p>\n<p>让别人榨汁去吧</p>\n<p><img alt="img" src="https://github.com/bluseyu/imgbed/raw/master/illustration/darunfa-copywriting_4.png" /></p>\n<p><strong>豆芽</strong></p>\n<p>土豆会坏，韭菜会老</p>\n<p>只有我发芽还能炒一炒</p>\n<p><img alt="img" src="https://github.com/bluseyu/imgbed/raw/master/illustration/darunfa-copywriting_5.png" /></p>\n<p><strong>老南瓜</strong></p>\n<p>走过四季</p>\n<p>才发现生活的甜都是自己给的</p>\n<p><img alt="img" src="https://pics7.baidu.com/feed/00e93901213fb80e3d32a2c5158b3025b83894a2.png" /></p>\n<p><strong>苦瓜</strong></p>\n<p>很爱苦中作乐的小瓜瓜一枚呀</p>\n<p><img alt="img" src="https://pics1.baidu.com/feed/4034970a304e251fb231b21ca9dcd61c7d3e53f0.png" /></p>\n<p><strong>冰鲜鲳鱼</strong></p>\n<p>一坐到工位上就感觉自己凉了</p>\n<p><img alt="img" src="https://pics0.baidu.com/feed/2f738bd4b31c8701e99c1c18362581240608ff8f.png" /></p>\n<p><strong>深海老黄鱼</strong></p>\n<p>上班的路上</p>\n<p>把一生的体力都耗尽了</p>\n<p><img alt="img" src="https://pics7.baidu.com/feed/bd3eb13533fa828bcc1fb06ef2455e3f960a5ae7.png" /></p>\n<p><strong>螃蟹</strong></p>\n<p>这么有钳，还出来工作……</p>\n<p><img alt="img" src="https://pics3.baidu.com/feed/242dd42a2834349bcdaf1f05eab00ac537d3be6e.png" /></p>\n<p><strong>鱼缸</strong></p>\n<p>少摸鱼</p>\n<p>摸太多了对鱼不好</p>\n<p><img alt="img" src="https://pics6.baidu.com/feed/8ad4b31c8701a18bcdc0ae17bc7518032838fe20.png" /></p>\n<p><strong>阳澄湖大闸蟹</strong></p>\n<p>半年不开张，开张吃半年</p>\n<p><img alt="img" src="https://pics7.baidu.com/feed/4034970a304e251f568117cea8dcd61c7f3e5373.jpeg" /></p>\n<p><strong>大闸蟹</strong></p>\n<p>螃蟹的肥瘦并不相通</p>\n<p><img alt="img" src="https://pics4.baidu.com/feed/5366d0160924ab18cd1183443aa0f9c67b890b26.png" /></p>\n<p><strong>梭子蟹</strong></p>\n<p>给我一坛黄酒</p>\n<p>我给你打一套醉拳</p>\n<p><img alt="img" src="https://pics3.baidu.com/feed/060828381f30e924d7ccd76c4352710d1c95f7ec.png" /></p>\n<p><strong>咸鱼</strong></p>\n<p>就……</p>\n<p>很……</p>\n<p>闲……</p>\n<p><img alt="img" src="https://pics2.baidu.com/feed/4bed2e738bd4b31ca8ce1d358f8c38749f2ff837.png" /></p>\n<p><strong>再来重温一下</strong><strong>此前的</strong></p>\n<p><strong>“冷宫蔬菜”</strong></p>\n<p><strong><em>*“烧烤文学”*</em></strong></p>\n<p><strong>“超市顶流”</strong></p>\n<p><strong>真是笑不活了哈哈哈哈！</strong></p>\n<p><img alt="img" src="https://pics2.baidu.com/feed/18d8bc3eb13533faa334ebac8a89e21440345b12.jpeg" /></p>\n<p><strong>冷 宫 蔬 菜</strong></p>\n<p><strong>土豆：</strong></p>\n<p>终究是错付了</p>\n<p>不是每一次发芽</p>\n<p>都值得心欢</p>\n<p><img alt="img" src="https://pics3.baidu.com/feed/622762d0f703918f655c33a85e67399c58eec4ac.png" /></p>\n<p><strong>西葫芦：</strong></p>\n<p>他的锅铲子</p>\n<p>从来不属于我一个人</p>\n<p><img alt="img" src="https://pics5.baidu.com/feed/b21c8701a18b87d6cc6b7709255237331f30fd65.png" /></p>\n<p><strong>胡萝卜：</strong></p>\n<p>可能我不是你们的最爱</p>\n<p>请允许我体面离开</p>\n<p><img alt="img" src="https://pics4.baidu.com/feed/7c1ed21b0ef41bd5d832c3e872809ec039db3d29.png" /></p>\n<p><strong>包菜：</strong></p>\n<p>我知道</p>\n<p>我已经不是你要的菜了</p>\n<p><img alt="img" src="https://pics1.baidu.com/feed/dcc451da81cb39db1872b94ef24c162faa1830d9.png" /></p>\n<p><strong>洋葱</strong></p>\n<p>本葱再娇艳</p>\n<p>又给谁看呢？</p>\n<p><img alt="img" src="https://pics1.baidu.com/feed/ac345982b2b7d0a2e9107bc1e9b569024a369a72.png" /></p>\n<p><strong>上海青</strong></p>\n<p>这两个月</p>\n<p>我们爱过</p>\n<p><img alt="img" src="https://pics7.baidu.com/feed/eac4b74543a98226a22f4f44a8d8a60a4b90eb48.png" /></p>\n<p><strong>白萝卜</strong></p>\n<p>我生来就一穷二白</p>\n<p>陪你一场我很开心</p>\n<p><img alt="img" src="https://pics0.baidu.com/feed/bf096b63f6246b602b3476f8faa20547500fa2ed.jpeg" /></p>\n<p><strong>烧 烤 文 学</strong></p>\n<p><strong>巧克力：</strong></p>\n<p>太热了想去避暑</p>\n<p><img alt="img" src="https://pics1.baidu.com/feed/f31fbe096b63f6249b101a93a51ef4f31b4ca3b2.png" /></p>\n<p><strong>葡萄：</strong></p>\n<p>跨出超市的门</p>\n<p>外面就是火焰山</p>\n<p><img alt="img" src="https://pics6.baidu.com/feed/d000baa1cd11728b899a73d5c7a6dcc5c2fd2c73.jpeg" /></p>\n<p><strong>冰棍：</strong></p>\n<p>我的习以为常</p>\n<p>竟是你们的人间天堂</p>\n<p><img alt="img" src="https://pics1.baidu.com/feed/472309f7905298226c3cd326f59064c00b46d4a9.png" /></p>\n<p><strong>活虾：</strong></p>\n<p>真的不是很想红</p>\n<p><img alt="img" src="https://pics1.baidu.com/feed/94cad1c8a786c9176192145cc2676fc43ac757a2.jpeg" /></p>\n<p><strong>小龙虾：</strong></p>\n<p>没想到以这样的形式走红</p>\n<p><img alt="img" src="https://pics3.baidu.com/feed/54fbb2fb43166d223c10a46b647916fc9152d24b.png" /></p>\n<p><strong>电扇：</strong></p>\n<p>37℃的人说抱就抱</p>\n<p>37℃的风一吹就倒</p>\n<p><img alt="img" src="https://pics0.baidu.com/feed/9c16fdfaaf51f3deeef27bbeb5b4ef143b297909.jpeg" /></p>\n<p><strong>蒲扇：</strong></p>\n<p>新能源空气动力学装置</p>\n<p><img alt="img" src="https://pics3.baidu.com/feed/5bafa40f4bfbfbeddb6056f677aae83daec31fe6.jpeg" /></p>\n<p><strong>玉米：</strong></p>\n<p>外面的世界很精彩</p>\n<p>外面的世界也有点晒</p>\n<p><img alt="img" src="https://pics5.baidu.com/feed/4afbfbedab64034fc568f847a599663a0b551daa.jpeg" /></p>\n<p><strong>超 市 顶 流</strong></p>\n<p>自立之星，全能斗士</p>\n<p>——小葱</p>\n<p>无论与水还是土相遇</p>\n<p>总要欢欢喜喜的发芽</p>\n<p><img alt="img" src="https://pics2.baidu.com/feed/810a19d8bc3eb1357b51a74b8444b7d8fc1f4414.png" /></p>\n<p>百搭之王——蒜头</p>\n<p>菜不在青，有蒜则名。</p>\n<p>菜不在多，有葱则灵。</p>\n<p><img alt="img" src="https://pics2.baidu.com/feed/e1fe9925bc315c60ca9905d6aeebd41849547764.png" /></p>\n<p>可炒可煮，可盐可咸</p>\n<p>——西红柿</p>\n<p>生活把每个人都练成了多面手</p>\n<p><img alt="img" src="https://pics6.baidu.com/feed/c9fcc3cec3fdfc03c3d79b2fdb65989fa5c2265a.png" /></p>\n<p>翻红小生——鸡蛋</p>\n<p>万万没想到</p>\n<p>还有翻身的一天</p>\n<p><img alt="img" src="https://pics1.baidu.com/feed/a50f4bfbfbedab641965e1c1d56cb0c879311e04.jpeg" /></p>\n<p>流通之王</p>\n<p>——可乐</p>\n<p>你的快乐还得靠我</p>\n<p><img alt="img" src="https://pics6.baidu.com/feed/1ad5ad6eddc451da2026cce295a74d6dd1163248.png" /></p>\n<p><strong>薯片</strong></p>\n<p>简单快乐</p>\n<p><img alt="img" src="https://pics5.baidu.com/feed/e7cd7b899e510fb30629f7afd069d79ed1430cbe.jpeg" /></p>\n<p><strong>咖啡</strong></p>\n<p>灵魂的解药</p>\n<p><img alt="img" src="https://pics3.baidu.com/feed/4ec2d5628535e5dd0e1ace29549cb8e4cf1b62f3.jpeg" /></p>\n<p><strong>火锅底料</strong></p>\n<p>后悔没买吧</p>\n<p><img alt="img" src="https://pics0.baidu.com/feed/a9d3fd1f4134970a9122c8269d90cec3a6865dcf.jpeg" /></p>\n<p><strong>对于这次的“菜场黑话”</strong></p>\n<p><strong>网友们也来了一波神评论！</strong></p>\n<p><img alt="img" src="https://pics1.baidu.com/feed/fc1f4134970a304e35f1ec5bdf92b88dc8175c20.jpeg" /></p>\n<p><img alt="img" src="https://pics2.baidu.com/feed/b8389b504fc2d562d86a1994e94b8fe477c66cca.jpeg" /></p>\n<p><img alt="img" src="https://pics0.baidu.com/feed/cefc1e178a82b90129889d8665d7b67c3812efc7.jpeg" /></p>\n<p><strong>有网友赞到</strong></p>\n<p><strong>这文案真是太神太有才了</strong></p>\n<p><img alt="img" src="https://pics2.baidu.com/feed/86d6277f9e2f0708b33322ebc87ea792a801f288.jpeg" /></p>\n<p><strong>也有网友一针见血：</strong></p>\n<p><strong>不如直接打折！</strong></p>\n<p><img alt="img" src="https://pics2.baidu.com/feed/d009b3de9c82d158eb49380a8e5006d3bd3e4222.jpeg" /></p>', 9, 'show'),
	('2022-10-20 16:53:11', '2022-10-20 16:53:11', 37, '一个人最大的愚蠢：习惯性反驳', '习惯性反驳，是一个人最大的愚蠢。因为那些反驳很难赢回别人的认可和尊敬，只会暴露自己的浅薄无知和惹人生厌而已。', '<div class="toc">\n<ul></ul>\n</div>\n<p>一个人最大的愚蠢：习惯性反驳。乍一看是能言善辩，在言语上占了先机，实则输得一败涂地。</p>\n<p>因为那些反驳很难赢回别人的认可和尊敬，只会暴露自己的浅薄无知和惹人生厌而已。</p>\n<p>习惯性反驳，是一个人最大的愚蠢。</p>\n<p><img alt="img" src="https://pics0.baidu.com/feed/4d086e061d950a7be9bdeb0a8c2242d2f0d3c977.jpeg" /></p>\n<p>著名地质学家李四光先生年轻时赴海外留学，曾受邀参加了一位师兄的婚礼。</p>\n<p>婚礼上来了许多青年才俊，其中有一位富家公子打扮的年轻人，正在谈论自己游历世界各地的经历。</p>\n<p>说起他曾到过欧洲最高峰时，他说的是“阿尔卑斯山的主峰勃朗峰”。</p>\n<p>可其实欧洲的最高峰并非勃朗峰，而是“厄尔布鲁士峰”。</p>\n<p>闻言，李四光立马就站了起来反驳，俩人争得是面红耳赤。</p>\n<p>就在僵持不下时，李四光看见了自己的教授，于是便立马向他求助。</p>\n<p>富家公子显然也认得这位教授，认可他的博学多才，欣然同意请他来作决断。</p>\n<p>可就当李四光以为胜券在握时，教授却拿出了烟头轻轻地敲了敲李四光的头，只留下一句“你呀，学问还浅着呢”，就转身离去了。</p>\n<p><img alt="img" src="https://pics1.baidu.com/feed/42166d224f4a20a45a706d500aa1b829730ed03d.jpeg" /></p>\n<p>李四光满脸震惊，不敢相信是自己记错了，第二天便去了图书馆，查阅了各类资料，证实了自己所说无误。</p>\n<p>然后，又专门去找了教授，向他询问缘由。</p>\n<p>教授却笑着答说，他并没有说李四光的答案是错的，之所以说他学问浅，是觉得他没必要和对方争论。</p>\n<p>人家在婚礼上侃侃而谈，又没让他发表意见，他又何须出言反驳呢？</p>\n<p>即便李四光说得对，也未必能改变那位富家公子的固有认知，那争论又有什么意义呢？</p>\n<p>李四光这才恍然大悟，明白老师的用心良苦。</p>\n<p><strong>是啊，认知不同，再多的争论也不过是徒劳。</strong></p>\n<p>就像两个人去爬山一样，有人爬到了山顶，所见皆是天地辽阔；有人爬到了半山坡，只看见眼前树很多。</p>\n<p>所处的位置不同，所见的风景自然也大不相同。</p>\n<p>山顶之人哪怕费尽唇舌，也很难向山坡之人诉说，山顶的风景有多么壮阔。</p>\n<p><strong>话要和懂的人诉说，酒要对的人举杯共酌，认知不在一个频道，不如悄悄转身各自安好。</strong></p>\n<p><img alt="img" src="https://pics7.baidu.com/feed/b21bb051f81986189eab6829d81e0e7889d4e6aa.jpeg" /></p>\n<p>百度创始人李彦宏曾分享过他的管理经验：</p>\n<p><img alt="img" src="https://pics6.baidu.com/feed/0d338744ebf81a4c1198bcfa50d94052242da65d.jpeg" /></p>\n<p>说他在管理公司的时候，若是出现下属意见和自己不一致的时候。</p>\n<p>他大都会优先听取下属的意见，按照下属的意思来处理问题。</p>\n<p>而不是一直故步自封地，沉溺在过去固有的经验中。</p>\n<p>因为他觉得要鼓励员工的创造力和积极性，多接纳不同的意见，才能让企业走得更远。</p>\n<p>想起罗翔老师说过的一句话：</p>\n<p><strong>“一个人成熟的重要标志，就是脑海中能够同时存在看似对立的观点。”</strong></p>\n<p>很多事情并没有绝对的对与错，不过是横看成岭侧成峰，远近高低各不同。</p>\n<p>只是年少时我们大都太过自我，世界总是非黑即白。</p>\n<p>当我们变得包容，能够接纳和自己不同的意见之时，人生这局棋，其实就已经赢了一大半。</p>\n<p>能以一种开放包容的姿态前行，脚下的路也会变得愈发的宽阔。</p>\n<p>还记得那个著名的“金扫帚奖”吗？</p>\n<p>创立多年以来，几乎没有人到现场去领过奖。</p>\n<p>只有那一年，王宝强凭《大闹天竺》获奖，他依旧盛装赴宴，他在领奖台上说：</p>\n<blockquote>\n<p>虽然我也知道这个金扫把不是一个很光彩的奖项，但他可以鞭策我进步。\n所以必须要亲自来接受大家的批评，因为我爱电影，尊重电影，也尊重观众。\n这一次是我对不起观众，算我欠大家一次。</p>\n</blockquote>\n<p><img alt="img" src="https://pics5.baidu.com/feed/d53f8794a4c27d1eb14cc6eb9c268d65dcc438b1.jpeg" /></p>\n<p>字字恳切，句句肺腑，让他赢得了观众的满堂喝彩。</p>\n<p>面对那些不同的声音，有人选择屏蔽，有人选择言辞犀利地反击。</p>\n<p>只有王宝强，以一种谦卑包容的姿态去倾听、去自我反省。</p>\n<p>也正是因为如此，才让他至今仍活跃在大银幕上，深受到观众的喜爱。</p>\n<p>人这一生很长，或许我们每个人，都会听到一些自己不喜欢或不认可的声音。</p>\n<p><strong>不必为此焦虑忧心，不妨试着尊重和接纳那些不同，把它当做成长蜕变的契机。</strong></p>\n<p>就像罗素笔下的那一句：</p>\n<p>“只有玫瑰和茉莉一起绽放，这个世界才会有参差多样的美丽。”</p>\n<p><img alt="img" src="https://pics5.baidu.com/feed/6c224f4a20a4462305f11f0318d152050df3d792.jpeg" /></p>\n<p>看过一场刘德华的直播，其中他的一句话令我印象颇深，他说：</p>\n<p>“以前有不少从业的前辈教导过他，如果想要成功的话，就要做到一句话‘字字反思，不要句句反驳’。”</p>\n<p>细细想来，深觉有大智慧。</p>\n<p><img alt="img" src="https://pics3.baidu.com/feed/4afbfbedab64034fe93448692a30593a08551de6.jpeg" /></p>\n<p>人这一辈子，难免听到些不中听、不顺意的事，反驳是本能，能克制住反驳欲却是本事。</p>\n<p><strong>愚者用言语辩驳，智者在沉默回击。</strong></p>\n<p>建筑大师贝聿铭先生，在重建卢浮宫的玻璃金字塔时，整个巴黎的民众都要抓狂了，许多人纷纷到街头游行抗议。</p>\n<p>因为他们不敢相信，一个中国人怎么可能能重建法国的知名建筑，并称“金字塔”看上去又丑又廉价，会毁了卢浮宫。</p>\n<p>据贝聿铭先生回忆：在那一年半的时间里，他每天都生活得如履薄冰，甚至不敢走上巴黎街头，偶尔出门一趟，还会被人翻白眼、吐口水。</p>\n<p>可面对那些质疑和谩骂，他一次也没反驳和争辩过。</p>\n<p>反而还安慰周遭那些替他抱不平的朋友说：“批评是需要历史的，需要时间的，要过几十年再看。”</p>\n<p>后来，这座玻璃金字塔终于还是被贝聿铭造了出来，更成了整个法国最为标志性的建筑之一，举世震惊。</p>\n<p>而那些曾经难听的声音，也再不见了踪影。</p>\n<p>中国有句古话说得好：“大辩不言。”</p>\n<p>面对别人的质疑或冒犯，你说一千道一万，也未必能让人高看你一眼。</p>\n<p><strong>比起言语上的反驳，你的行动更有力量。</strong></p>\n<p>把那些试图说服别人的时间省下来，去深耕能力，去打磨心性，去创造更璀璨耀眼的成绩。</p>\n<p>当你成为更优秀的人时，你的实力，胜过任何言语上的辩驳。</p>\n<p><img alt="img" src="https://pics5.baidu.com/feed/a50f4bfbfbedab64182a67966dc58fc878311e0d.jpeg" /></p>\n<p>很喜欢乔布斯说过的一句话：</p>\n<p>“只要利益不产生冲突，别人讲的话，一般不需要反驳。”</p>\n<p>世界何其大，想法何其多，何必非要和不同频之人论个高低对错？</p>\n<p>你有你的繁花似锦，我有我的自在宁静，互不干扰就好。</p>\n<p>那些无谓的争辩，只会让人输掉了心情，耗尽了精力，疲惫了自己。</p>\n<p>往后余生，不如用沉默去代替反驳，多一分理解，少一分执着。</p>\n<p>不求强融，去尊重和接纳每一分的不同。</p>\n<p><strong>做一个“嘴拙”之人，收敛好自己的反驳欲，活得从容且淡定。</strong></p>\n<p>愿有朝一日，那些所有曾让你想反驳、觉得愤愤不平的事情，你都能够云淡风轻地笑着去回应。</p>', 4, 'show'),
	('2022-10-21 10:14:24', '2022-10-21 10:14:24', 38, '2022年10月随笔', '心有所感，及时录之，笔下文字，皆是人生。', '<h2 id="2022">2022年随笔</h2>\n<blockquote>\n<p>心有所感，及时录之，笔下文字，皆是人生。</p>\n</blockquote>\n<h3 id="10">10月</h3>\n<h4 id="_1">无病呻吟最恶心，忸怩作态遭人嫌</h4>\n<blockquote>\n<p>2022-10-21  周五</p>\n</blockquote>\n<p>知乎上看众网友对“此情可成追忆，只是当时已惘然”一句的解读，有一网友开始卖弄自己的“才华”，于是有了下面的句子：</p>\n<blockquote>\n<p>哀伤是沿着记忆的缝隙，悄无声息渗入的吗？\n不是的，哀伤的种子早已在懵懂的时候悄悄种下。\n岁月斑驳里，忽然一夜间，\n在心脏中扎根发芽，戳了个鲜血淋漓。</p>\n</blockquote>\n<p>一看就是卖弄才学的无病呻吟，就像茴字有四种写法的孔乙己。遥想当年郭敬明抄日漫，写了一些华丽的无病呻吟的文章和小说，如《梦里花落知多少》、《爵迹》等，年少不经人事，觉得挺好，现在看来，就是各种忸怩作态，矫揉造作。所以，如今看到这类文字，就似乎看到浓妆艳抹的如花扭着水桶腰在跳肚皮舞，真是比吃了一只苍蝇还恶心。话说当年，我也曾作过，不过，也是“此情可待成追忆”了。二十载弹指一挥间，“一弦一柱思华年”。</p>\n<h4 id="_2">女儿作文网课的第一篇习作《菊花》</h4>\n<blockquote>\n<p>2022-10-19   周三 \n女儿卡着点完成了作文，《菊花》，帮她适当修改了一下，如下：</p>\n</blockquote>\n<p>有人喜欢不畏严寒的梅花，有人喜欢朴素自然的茉莉花，有人喜欢婀娜多姿的荷花，而我却喜欢淡雅高洁的菊花。</p>\n<p>放眼望去，一片片五颜六色的菊花花团锦簇般聚在一起，好似无数美丽的仙女在三五成群地一起讨论。走近一看，这些菊花黄如金，白如雪，粉如霞，红如火……微风拂过，淡雅的花香扑鼻而来，而菊花们也低着头，它们的裙子随风摆动。</p>\n<p>菊花的花瓣非常特殊，每个花瓣都是长条形的。菊花的花瓣大概是由七八片花瓣组成的。</p>\n<p>金黄的秋天，总是少不了菊花。初秋，我看着绚丽的菊花，突然想到了苏轼的诗句：“荷花已无擎雨盖，菊残犹有傲霜枝”。即使天气再寒冷些，百花凋零，菊花依然坚强地傲霜怒放。我不得不赞赏菊花顽强的生命力。</p>\n<p>啊！我爱菊花，我喜欢你，感谢你把生命和力量献给硕果累累的秋天！</p>\n<blockquote>\n<p>本来打算用下面的文字，但因为写得根本不像她的水平，故放弃了。</p>\n</blockquote>\n<p>有人喜欢不畏严寒的梅花，有人喜欢朴素自然的茉莉花，有人喜欢婀娜多姿的荷花，而我却喜欢淡雅高洁的菊花。\n放眼望去，一片片五颜六色的菊花花团锦簇般聚在一起，好似无数美丽的仙女在三五成群地窃窃私语。走近一看，这些菊花黄如金，白如雪，粉如霞，红如火……微风拂过，淡雅的花香扑鼻而来，沁人心脾，而菊花们也微微低下了头，随风摆动，享受着大自然的馈赠。</p>\n<h4 id="_3">终于可以很舒服地记笔记了</h4>\n<blockquote>\n<p>2022-10-18   周二</p>\n</blockquote>\n<p>上周，FlaskBlog完工了，后面几天又缝缝补补的，也可以初步支持Markdown 了。</p>\n<p>记笔记可以用 Markdown格式，编辑器用Typora，数据存在Gitee和Github，同时同步到本地，这样数据牢牢地掌握在自己手中。\nTypora虽然写Markdown很舒服，但不支持标签，且无法按照日期归档，比起博客来，体验还是差了不少，所以二者结合是最佳方式。在Typora上写Markdown，在FlaskBlog上备份，完美。\n图床就用Github的imgbed仓库，5G大小暂时也是足够用了。\nGitee也有5G的免费空间，这样为知笔记几乎没有存在的必要了，所以，我打算后面不再付费（截止2023-8-8）。</p>\n<p>争取年内，把为知笔记上有价值的文章全部搬到GitNote仓库和FlaskBlog上。</p>\n<blockquote>\n<p>2022-10-19  周三</p>\n</blockquote>\n<p>数据同步到本地仓库，可以防止网络丢失；更新到远程仓库，可以防止电脑出问题。妥妥的双保险。</p>\n<p>有了GitNote和FlaskBlog，那么印象笔记、为知笔记这些都可以弃坑了。这些笔记软件，要想舒服地使用，就得掏钱。而我比较喜欢白嫖，所以有了GitNote和FlaskBlog。\n【PS】这些网络笔记本不但要付费，数据也不是完全属于自己的，要想解读这些笔记，必须得借住软件，或者利用软件导出通用数据格式，如HTML和PDF。总有一种掏钱了，还受制于人的感觉，有些不爽。我需要的是完全地掌控，个人私密数据必须绝对安全。</p>\n<p>写Markdown用的是Typora的测试版，免费的；Gitee和Github也是免费的。白嫖真香。</p>', 7, 'show');

-- 导出  表 flaskblog.tag 结构
CREATE TABLE IF NOT EXISTS `tag` (
  `add_date` datetime NOT NULL,
  `pub_date` datetime NOT NULL,
  `id` int NOT NULL AUTO_INCREMENT,
  `name` varchar(128) NOT NULL,
  PRIMARY KEY (`id`),
  UNIQUE KEY `name` (`name`)
) ENGINE=InnoDB AUTO_INCREMENT=36 DEFAULT CHARSET=utf8mb4 COLLATE=utf8mb4_0900_ai_ci;

-- 正在导出表  flaskblog.tag 的数据：~35 rows (大约)
INSERT INTO `tag` (`add_date`, `pub_date`, `id`, `name`) VALUES
	('2022-10-09 16:12:27', '2022-10-09 16:12:27', 1, 'Python'),
	('2022-10-09 16:13:03', '2022-10-09 16:13:03', 2, 'Flask'),
	('2022-10-10 16:00:14', '2022-10-10 16:01:21', 3, 'CSS'),
	('2022-10-10 16:02:18', '2022-10-10 16:02:18', 4, 'HTML'),
	('2022-10-10 16:02:38', '2022-10-10 16:02:38', 5, 'JavaScript'),
	('2022-10-10 16:04:29', '2022-10-10 16:04:29', 6, 'node.js'),
	('2022-10-10 16:04:47', '2022-10-10 16:04:47', 7, 'Vue.js'),
	('2022-10-10 16:05:37', '2022-10-10 16:05:37', 8, 'Express'),
	('2022-10-10 16:06:00', '2022-10-10 16:06:00', 9, 'Django'),
	('2022-10-10 16:06:20', '2022-10-10 17:20:19', 10, 'React'),
	('2022-10-12 10:49:59', '2022-10-12 10:49:59', 11, 'Web'),
	('2022-10-12 10:50:10', '2022-10-12 10:50:10', 12, '人工智能'),
	('2022-10-12 10:50:29', '2022-10-12 10:50:29', 13, '大数据'),
	('2022-10-12 10:51:09', '2022-10-12 10:51:09', 14, '学习笔记'),
	('2022-10-12 15:26:53', '2022-10-12 15:26:53', 15, 'SQL'),
	('2022-10-12 15:28:02', '2022-10-12 15:28:02', 16, 'VSCode'),
	('2022-10-17 16:11:05', '2022-10-17 16:11:05', 17, '吐槽'),
	('2022-10-17 16:12:05', '2022-10-17 16:12:05', 18, '随笔'),
	('2022-10-17 16:13:05', '2022-10-17 16:13:05', 19, '写作'),
	('2022-10-17 16:14:05', '2022-10-17 16:14:05', 20, '脑洞'),
	('2022-10-17 16:15:05', '2022-10-17 16:15:05', 21, '灵感'),
	('2022-10-17 16:16:05', '2022-10-17 16:16:05', 22, '插画'),
	('2022-10-17 16:39:29', '2022-10-17 16:39:29', 23, '测试'),
	('2022-10-18 09:07:54', '2022-10-18 09:07:54', 24, '管理'),
	('2022-10-18 09:08:54', '2022-10-18 09:08:54', 25, '心智'),
	('2022-10-18 09:09:54', '2022-10-18 09:09:54', 26, '思维模式'),
	('2022-10-18 17:51:54', '2022-10-18 17:51:54', 27, '健康'),
	('2022-10-18 17:52:54', '2022-10-18 17:52:54', 28, '运动'),
	('2022-10-18 17:53:54', '2022-10-18 17:53:54', 29, '亲子'),
	('2022-10-18 17:54:54', '2022-10-18 17:54:54', 30, '励志'),
	('2022-10-19 08:40:23', '2022-10-19 08:40:23', 31, '美图'),
	('2022-10-19 09:46:28', '2022-10-19 09:46:28', 32, '美女'),
	('2022-10-19 14:38:23', '2022-10-19 14:38:23', 33, '认知'),
	('2022-10-19 17:07:26', '2022-10-19 17:07:26', 34, '武学'),
	('2022-10-20 09:20:21', '2022-10-20 09:20:21', 35, '书法');

-- 导出  表 flaskblog.tags 结构
CREATE TABLE IF NOT EXISTS `tags` (
  `tag_id` int NOT NULL,
  `post_id` int NOT NULL,
  PRIMARY KEY (`tag_id`,`post_id`),
  KEY `post_id` (`post_id`),
  CONSTRAINT `tags_ibfk_1` FOREIGN KEY (`post_id`) REFERENCES `post` (`id`),
  CONSTRAINT `tags_ibfk_2` FOREIGN KEY (`tag_id`) REFERENCES `tag` (`id`)
) ENGINE=InnoDB DEFAULT CHARSET=utf8mb4 COLLATE=utf8mb4_0900_ai_ci;

-- 正在导出表  flaskblog.tags 的数据：~45 rows (大约)
INSERT INTO `tags` (`tag_id`, `post_id`) VALUES
	(1, 1),
	(2, 1),
	(6, 2),
	(15, 3),
	(1, 4),
	(3, 6),
	(2, 7),
	(11, 7),
	(3, 8),
	(3, 9),
	(1, 10),
	(2, 10),
	(14, 10),
	(3, 11),
	(15, 12),
	(19, 13),
	(6, 14),
	(23, 15),
	(19, 16),
	(19, 17),
	(19, 18),
	(19, 19),
	(3, 20),
	(22, 21),
	(23, 24),
	(1, 25),
	(25, 26),
	(1, 27),
	(25, 28),
	(26, 28),
	(31, 29),
	(32, 29),
	(31, 30),
	(32, 30),
	(31, 31),
	(32, 31),
	(25, 32),
	(33, 32),
	(33, 33),
	(18, 34),
	(34, 34),
	(18, 35),
	(34, 35),
	(33, 37),
	(18, 38);

-- 导出  表 flaskblog.user 结构
CREATE TABLE IF NOT EXISTS `user` (
  `add_date` datetime NOT NULL,
  `pub_date` datetime NOT NULL,
  `id` int NOT NULL AUTO_INCREMENT,
  `username` varchar(128) NOT NULL,
  `password` varchar(320) NOT NULL,
  `avatar` varchar(200) DEFAULT NULL,
  `is_super_user` tinyint(1) DEFAULT NULL,
  `is_active` tinyint(1) DEFAULT NULL,
  `is_staff` tinyint(1) DEFAULT NULL,
  PRIMARY KEY (`id`),
  UNIQUE KEY `username` (`username`)
) ENGINE=InnoDB AUTO_INCREMENT=5 DEFAULT CHARSET=utf8mb4 COLLATE=utf8mb4_0900_ai_ci;

-- 正在导出表  flaskblog.user 的数据：~3 rows (大约)
INSERT INTO `user` (`add_date`, `pub_date`, `id`, `username`, `password`, `avatar`, `is_super_user`, `is_active`, `is_staff`) VALUES
	('2022-09-28 07:28:13', '2022-10-13 06:49:37', 1, 'ceshi', 'pbkdf2:sha256:260000$Pq43VcioW9WX2YMw$7da1ac3799d7f4d52408b20baa9ffd290abd40ef420604f446808cc7abb8e932', 'avatar/cf6f64be73f145ac84046d6531d2ee24.jpg', 1, 1, 0),
	('2022-10-11 02:06:25', '2022-10-11 08:27:54', 2, 'admin', 'pbkdf2:sha256:260000$BLfP7DA2V6iP8fpN$6912ece1bb49e8b61f9b6e3cf6db4ce92a634d442d59668dee40330002b0b3c9', 'avatar/d0690074e80e4fd9a34e99ea8165ea11.jpg', 1, 1, 1),
	('2022-10-11 08:28:57', '2022-10-13 06:49:44', 4, 'test', 'pbkdf2:sha256:260000$0tiK9Dizt40C7QYE$a916dc98b7c091d1dd963589ed2f1a9176fa1397e1a3e6d3a5fce98bf3c1771a', 'avatar/b8b46e87e6b04fbfb990b3fe758cc16f.gif', 0, 1, 0);

/*!40103 SET TIME_ZONE=IFNULL(@OLD_TIME_ZONE, 'system') */;
/*!40101 SET SQL_MODE=IFNULL(@OLD_SQL_MODE, '') */;
/*!40014 SET FOREIGN_KEY_CHECKS=IFNULL(@OLD_FOREIGN_KEY_CHECKS, 1) */;
/*!40101 SET CHARACTER_SET_CLIENT=@OLD_CHARACTER_SET_CLIENT */;
/*!40111 SET SQL_NOTES=IFNULL(@OLD_SQL_NOTES, 1) */;
